source_url,source_title,scraped_at,raw_text
https://www.uscis.gov/working-in-the-united-states/students-and-exchange-visitors/optional-practical-training-opt-for-f-1-students,Optional Practical Training (OPT) for F-1 Students,2026-05-23T13:29:47.604701,"ALERT: Please remember that photos submitted to USCIS must be unmounted and unretouched. Unretouched means the photos must not be edited or digitally enhanced. The submission of any mounted or retouched images will delay the processing of your application and may prompt USCIS to require you to visit an Application Support Center to verify your identity.
Optional practical training (OPT) is temporary employment that is directly related to an F-1 student’s major area of study. Eligible students can apply to receive up to 12 months of OPT employment authorization before completing their academic studies (pre-completion) and/or after completing their academic studies (post-completion). However, all periods of pre-completion OPT will be deducted from the available period of post-completion OPT.
All OPT must be directly related to your major area of study. If you are an F-1 student, you may be eligible to participate in OPT in two different ways:
Pre-completion OPT : You may apply to participate in pre-completion OPT after you have been lawfully enrolled on a full-time basis for one full academic year at a college, university, conservatory, or seminary that has been certified by the U.S. Immigration and Customs Enforcement (ICE) Student and Exchange Visitor Program (SEVP) to enroll F-1 students. You do not need to have had F-1 status for the one full academic year; you can satisfy the “one full academic year” requirement even if you had another nonimmigrant status during that time.
If you are authorized to participate in pre-completion OPT, you may work (20 hours or less per week) while school is in session. You may work full time when school is not in session.
Post-completion OPT : You may apply to participate in post-completion OPT after completing your studies. If you are authorized for post-completion OPT, you must work part time (at least 20 hours per week) or full time.
Impact of Pre-completion OPT Employment Authorization on Requests for Post-completion OPT at the Same Education Level
If you have already received 1 year of part-time (20 hours per week) pre-completion OPT, the total time of full-time OPT still available would be reduced by 6 months, 50% of the previously authorized year at the same education level. In this scenario, you would only be entitled to a remaining period of 6 months full-time post-completion OPT employment authorization.
If you have already received 1 year of full-time (40 hours per week) pre-completion OPT, the total time of full-time optional practical training still available would be reduced by 1 year, 100% of the previously authorized year at the same education level. In this scenario, you would not be entitled to any period of post-completion OPT employment authorization.
If you have earned a degree in certain Science, Technology, Engineering and Mathematics (STEM) fields, you may apply for a 24-month extension of your post-completion OPT employment authorization if you:
Are an F-1 student who received a STEM degree included on the STEM Designated Degree Program List  (PDF) ;
Are employed by an employer who is enrolled in and is using E-Verify; and
Received an initial grant of post-completion OPT employment authorization based on your STEM degree.
If you are interested in applying for a STEM OPT extension, please see our Optional Practical Training Extension for STEM Students (STEM OPT) page for more information.
Request that your designated school official (DSO) at your academic institution recommend the OPT. Your DSO will make the recommendation by endorsing your Form I‑20, Certification of Eligibility for Nonimmigrant Student Status, and making the appropriate notation in the Student and Exchange Visitor Information System (SEVIS) .
Properly file Form I-765, Application for Employment Authorization with USCIS, accompanied by the required fee and the supporting documentation as described in the form instructions.
Must apply after your DSO enters the recommendation for OPT into your SEVIS record, and
May apply up to 90 days before you complete a full academic year, as long as you do not start OPT employment until you complete one full academic year.
Must apply after your DSO enters the recommendation for OPT into your SEVIS record, and
Must apply within 30 days after your DSO enters the recommendation for OPT into your SEVIS record, and
May apply up to 90 days before you complete your degree, but no later than 60 days after you complete your degree.
Must apply after your DSO enters the recommendation for OPT into your SEVIS record, and
Must apply within 60 days after your DSO enters the recommendation for OPT into your SEVIS record, and
May apply up to 90 days before your current OPT employment authorization expires.
Must apply after your DSO enters the recommendation for OPT into your SEVIS record, and
May apply up to 90 days before you complete a full academic year, as long as you do not start OPT employment until you complete one full academic year.
Must apply after your DSO enters the recommendation for OPT into your SEVIS record, and
Must apply within 30 days after your DSO enters the recommendation for OPT into your SEVIS record, and
May apply up to 90 days before you complete your degree, but no later than 60 days after you complete your degree.
You may not begin your pre- or post-completion OPT until after we approve your Form I-765 and you receive your Employment Authorization Document (EAD).
If you file your STEM OPT extension application on time and your OPT period expires while your extension application is pending, we will automatically extend your employment authorization for 180 days. This automatic 180-day extension ceases once USCIS adjudicates your STEM OPT extension application.
Transferring to a Different School or Beginning Study at Another Educational Level
If you transfer to another school or begin studies at another educational level (for example, you completed a bachelor’s degree and are starting a master’s program), your authorization to engage in OPT employment will automatically terminate. SEVP will inform USCIS of the termination date, and USCIS will terminate your EAD accordingly.
Although your authorization to engage in optional practical training will end, as long as you comply with all requirements for maintaining your student status, your F-1 status will not be affected by USCIS terminating your EAD. Maintaining your student status includes not working on a terminated EAD, as the termination means that you are no longer authorized to work in the United States using that OPT EAD. Working in the United States without authorization has serious consequences, including removal from the country and reentry bars. Also, remaining in the United States in violation of your lawful nonimmigrant status could lead to an accrual of unlawful presence. Please see USCIS Changing Policy on Accrued Unlawful Presence by Nonimmigrant Students and Exchange Visitors for more information regarding termination of your employment authorization under OPT and any impacts on your student status, including the possible accrual of unlawful presence. If you feel that your EAD has been wrongfully terminated, would like to request reconsideration of the EAD termination, or if you have other questions, see your DSO.
Cap-gap Extension for F-1 Students with Approved H-1B Petitions
If you are an F-1 student with a timely filed H-1B petition and change of status request, and your F-1 status and employment authorization will expire before the change of status to H-1B occurs (typically Oct. 1), you may be eligible for a cap-gap extension. Go to our Cap-Gap Extension page for more information.
For more information, please see the USCIS Policy Manual ."
https://www.uscis.gov/working-in-the-united-states/students-and-exchange-visitors/optional-practical-training-extension-for-stem-students-stem-opt,Optional Practical Training Extension for STEM Students (STEM OPT),2026-05-23T13:29:47.719124,"ALERT: Please remember that photos submitted to USCIS must be unmounted and unretouched. Unretouched means the photos must not be edited or digitally enhanced. The submission of any mounted or retouched images will delay the processing of your application and may prompt USCIS to require that you appear at an Applicant Support Center to verify your identity.
Certain F-1 students who receive science, technology, engineering, and mathematics (STEM) degrees may apply for a 24-month extension of their post-completion optional practical training (OPT).
To qualify for the 24-month extension, you must:
Have been granted OPT and currently be in a valid period of post-completion OPT;
Have earned a bachelor’s, master’s, or doctoral degree from a school that is accredited by a U.S. Department of Education-recognized accrediting agency and is certified by the Student and Exchange Visitor Program (SEVP) at the time you submit your STEM OPT extension application. NOTE: Previously obtained STEM degrees : If you are an F-1 student participating in a 12-month period of post-completion OPT based on a non-STEM degree, you may be eligible to use a previous STEM degree from a U.S. institution of higher education to apply for a STEM OPT extension. You must have received both degrees from currently accredited and SEVP-certified institutions, and cannot have already received a STEM OPT extension based on this previous degree. The practical training opportunity also must be directly related to the previously obtained STEM degree. For example, if the student is currently participating in OPT based on a non-STEM  degree, but previously received a bachelor’s degree in a degree program  that appears on the current DHS STEM Designated Degree Program List , the student may be able to apply for a STEM OPT extension based on the bachelor’s degree as long as it is from an accredited U.S. college or university and the OPT employment opportunity is directly related to the bachelor’s STEM degree. NOTE: STEM degrees you obtain in the future : If you enroll in a new academic program in the future and earn another qualifying STEM degree at a higher educational level, you may be eligible for one additional 24-month STEM OPT extension. For example: If you receive a 24-month STEM OPT extension based on a qualifying bachelor’s degree  and you later earn a qualifying master’s degree, you may apply for an additional 24-month STEM OPT extension based on your master’s degree.
NOTE: Previously obtained STEM degrees : If you are an F-1 student participating in a 12-month period of post-completion OPT based on a non-STEM degree, you may be eligible to use a previous STEM degree from a U.S. institution of higher education to apply for a STEM OPT extension. You must have received both degrees from currently accredited and SEVP-certified institutions, and cannot have already received a STEM OPT extension based on this previous degree. The practical training opportunity also must be directly related to the previously obtained STEM degree. For example, if the student is currently participating in OPT based on a non-STEM  degree, but previously received a bachelor’s degree in a degree program  that appears on the current DHS STEM Designated Degree Program List , the student may be able to apply for a STEM OPT extension based on the bachelor’s degree as long as it is from an accredited U.S. college or university and the OPT employment opportunity is directly related to the bachelor’s STEM degree.
For example, if the student is currently participating in OPT based on a non-STEM  degree, but previously received a bachelor’s degree in a degree program  that appears on the current DHS STEM Designated Degree Program List , the student may be able to apply for a STEM OPT extension based on the bachelor’s degree as long as it is from an accredited U.S. college or university and the OPT employment opportunity is directly related to the bachelor’s STEM degree.
NOTE: STEM degrees you obtain in the future : If you enroll in a new academic program in the future and earn another qualifying STEM degree at a higher educational level, you may be eligible for one additional 24-month STEM OPT extension. For example: If you receive a 24-month STEM OPT extension based on a qualifying bachelor’s degree  and you later earn a qualifying master’s degree, you may apply for an additional 24-month STEM OPT extension based on your master’s degree.
For example: If you receive a 24-month STEM OPT extension based on a qualifying bachelor’s degree  and you later earn a qualifying master’s degree, you may apply for an additional 24-month STEM OPT extension based on your master’s degree.
Work for an employer who meets all the requirements listed below in the STEM OPT Employer Responsibilities section; and
Submit the Form I-765, Application for Employment Authorization , up to 90 days before your current OPT employment authorization expires, and within 60 days of the date your designated school official (DSO) enters the recommendation for OPT into your Student and Exchange Visitor Information System (SEVIS) record.
To apply for an extension, you must properly file:
Form I-765 with The correct application fee; Your employer’s name as listed in E-Verify, and Your employer’s E-Verify Company Identification Number or valid E-Verify Client Company Identification Number
Your employer’s name as listed in E-Verify, and
Your employer’s E-Verify Company Identification Number or valid E-Verify Client Company Identification Number
Form I-20, Certificate of Eligibility for Nonimmigrant Student Status, endorsed by your DSO within the last 60 days; and
If you file your STEM OPT extension application on time and your OPT period expires while your extension application is pending, we will automatically extend your employment authorization for 180 days. This automatic 180-day extension ceases once USCIS adjudicates your STEM OPT extension application.
If you receive a STEM OPT extension, you must:
Report changes to the following information to your DSO within 10 days of the change, specifically: Your legal name; Your residential or mailing address; Your email address; Your employer’s name; and Your employer’s address.
Report to your DSO every 6 months to confirm the information listed above, even if none of your information has changed.
For more information, please refer to the USCIS Policy Manual and the DHS STEM OPT Hub .
You may be unemployed during your OPT period for a limited number of days.
If you are an employer who wants to provide a practical training opportunity to a STEM OPT student during their extension, you must:
Be enrolled in E-Verify, as evidenced by either a valid E-Verify company identification number or, if the employer is using an employer agent to create its E-Verify cases, a valid E-Verify client company identification number.
Remain a participant in good standing with E-Verify, as determined by USCIS.
Have a valid Employer Identification Number (EIN) issued by the IRS for tax purposes;
Report material changes of the STEM OPT student’s employment by submitting a modified Form I-983 to the DSO at the earliest available opportunity.
Report the STEM OPT student’s termination of employment or departure to the DSO within 5 business days.
Implement a formal training program to build on the student’s academic learning through practical experience; and
Provide an OPT opportunity that is commensurate with those of similarly situated U.S. workers in duties, hours, and compensation.
Terms and Conditions for Employer Participation
To ensure the integrity of the program and provide safeguards for U.S. workers, any employer wishing to employ a student participating in the STEM OPT extension program must ensure that:
The employer will have and maintain a bona fide employer-employee relationship with the student.
The employer has sufficient resources and personnel available to provide appropriate training in connection with the specified opportunity at the location(s) specified in the Form I-983, Training Plan for STEM OPT Students.
The STEM OPT student will not replace a full- or part-time, temporary or permanent U.S. worker; and
The training opportunity will assist the student in attaining his or her training goals.
DHS may, at its discretion, conduct a site visit of the employer to ensure that program requirements are being met, including that the employer possesses and maintains the ability, personnel, and resources to provide structured and guided work-based learning experiences consistent with the training plan.
As noted above, to be eligible to employ a STEM OPT student, an employer must have and maintain a bona fide employer-employee relationship with the student. The employer must attest to this fact by signing the Form I-983, Training Plan for STEM OPT Students. To establish a bona fide relationship, the employer may not be the student’s “employer” in name only, nor may the student work for the employer on a “volunteer” basis. Moreover, the employer that signs the Form I-983 must be the same entity that provides the practical training experience to the student.
An employer must have sufficient resources and trained or supervisory personnel available to provide appropriate training in connection with the specified training opportunity at the location(s) where the student’s practical training experience will take place, as specified in the Form I-983. The “personnel” who may provide and supervise the training experience may be either employees of the employer, or contractors who the employer has directly retained to provide services to the employer; they may not, however, be employees or contractors of the employer’s clients or customers. Additionally, under no circumstances would another F-1 student with OPT or a STEM OPT extension (who is undergoing training in their own right) be qualified to train another F-1 student with a STEM OPT extension.
While employers may rely on their existing training programs or policies to satisfy the requirements relating to performance evaluation and oversight and supervision, the student’s Training Plan must nevertheless be customized for the individual student. For instance, every Training Plan must describe the direct relationship between the STEM OPT opportunity and the student’s qualifying STEM degree, as well as the relationship between the STEM OPT opportunity and the student’s goals and objectives for work-based learning. Moreover, a STEM OPT employer may not assign, or otherwise delegate, its training responsibilities to a non-employer third party (such as a client/customer of the employer, employees of the client/customer, or contractors of the client/customer).
As noted above, DHS, at its discretion, may conduct a site visit of any STEM OPT employer to ensure that the employer possesses and maintains the ability and resources to provide structured and guided work-based learning experiences consistent with the Form I-983. See 8 C.F.R. 214.2(f)(10)(ii)(C)(11). Consistent with this provision, during a site visit, DHS may verify that the employer that signs Form I-983 is the same entity that provides the practical training experience to the student and ensure compliance. For ICE to effectively conduct these site visits as part of its oversight responsibilities, it is important that employers report any change in a student’s employment address. As indicated above, the employer and student must report such a material change by submitting a modified Form I-983 to the DSO at the earliest available opportunity.
The Employer’s Training Obligation: Staffing and Temporary Agencies
Staffing and temporary agencies and consulting firms may seek to employ students under the STEM OPT program, but only if they will be the entity that provides the practical training experience to the student and they have and maintain a bona fide employer-employee relationship with the student. STEM OPT participants may engage in a training experience that takes place at a site other than the employer’s principal place of business as long as all of the training obligations are met, including that the employer has and maintains a bona fide employer-employee relationship with the student. Certain types of arrangements, including multiple employer arrangements, sole proprietorships, employment through ‘‘temp’’ agencies, employment through consulting firm arrangements that provide labor for hire, and other similar relationships may not be able to demonstrate a bona fide employer-employee relationship and, therefore, may not meet the requirements of the STEM OPT extension.
As part of the STEM OPT extension, employers must complete the appropriate parts of Form I-983, Training Plan for STEM OPT Students. In this form, employers attest that:
They have enough resources and trained personnel available to appropriately train the student;
The student will not replace a full- or part-time, temporary or permanent U.S. worker; and
Working for them will help the student attain their training objectives.
DHS will review on a case-by-case basis whether the student will be a bona fide employee of the employer signing the training plan, and verify that the employer that signs the training plan, is the same entity that employs the student and provides the practical training experience.
For more information, please refer to the USCIS Policy Manual and the DHS STEM OPT Hub ."
https://www.uscis.gov/working-in-the-united-states/students-and-exchange-visitors/students-and-employment,Students and Employment,2026-05-23T13:29:48.098659,"ALERT: Please remember that photos submitted to USCIS must be unmounted and unretouched. Unretouched means the photos must not be edited or digitally enhanced. The submission of any mounted or retouched images will delay the processing of your application and may prompt USCIS to require that you appear at an Applicant Support Center to verify your identity.
If you would like to study as a full-time student in the United States, you will generally need a student visa. There are two nonimmigrant visa categories for persons wishing to study in the United States. These visas are commonly known as the F and M visas.
You may enter in the F-1 or M-1 visa category provided you meet the following criteria:
You must be enrolled in an ""academic"" educational program, a language-training program, or a vocational program
Your school must be approved by the Student and Exchange Visitors Program, Immigration & Customs Enforcement
You must be enrolled as a full-time student at the institution
You must be proficient in English or be enrolled in courses leading to English proficiency
You must have sufficient funds available for self-support during the entire proposed course of study
You must maintain a residence abroad which you have no intention of giving up.
The F-1 Visa (Academic Student) allows you to enter the United States as a full-time student at an SEVP-certified college, university, seminary, conservatory, academic high school, elementary school, or other academic institution or in a language training program. You must be enrolled in a program or course of study that culminates in a degree, diploma, or certificate and your school must be authorized by the U.S. government to accept foreign students.
The M-1 visa (Vocational Student) category includes students in vocational or other nonacademic programs, other than language training.
F-1 students may not work off-campus during the first academic year, but may accept on-campus employment subject to certain conditions and restrictions. After the first academic year, F-1 students may engage in three types of off-campus employment:
Optional Practical Training (OPT) (pre-completion or post-completion)
Science, Technology, Engineering, and Mathematics (STEM) Optional Practical Training Extension (OPT)
F-1 students may also be eligible to work off-campus on a case-by-case basis as a result of special situations such as severe economic hardship or special student relief. M-1 students may engage in practical training only after they have completed their studies.
For both F-1 and M-1 students any off-campus training employment must be related to their area of study and must be authorized prior to starting any work by the Designated School Official (the person authorized to maintain the Student and Exchange Visitor Information System (SEVIS)) and USCIS.
In general, only aliens who have permission from DHS to work can apply for a Social Security number.
If you are interested in changing to F or M Student Status, see the Changing to a Nonimmigrant F or M Student Status page.
For more information on the nonimmigrant student (F and M) classifications, see the USCIS Policy Manual .
For more information on the residence abroad requirement, see 9 FAM 402.5-5(E)(1) of the U.S. Department of State Foreign Affairs Manual .
For more information on the Student and Exchange Visitors Program, see the Student & Exchange Visitor Program, Immigration & Customs Enforcement and the Study in the States Training Opportunities in the United States pages.
For more information on Foreign Students and Social Security Numbers, see the Social Security Administration website."
https://www.uscis.gov/policy-manual/volume-2-part-f-chapter-5,Chapter 5 - Practical Training,2026-05-23T13:29:48.316386,"Practical training (PT) is employment that is directly related to a student’s major area of study. [1]
F-1 students may engage in three types of PT:
Optional Practical Training (OPT) (pre-completion or post-completion); and
Science, Technology, Engineering, and Mathematics Optional Practical Training extension (STEM OPT).
PT may be authorized for an F-1 student at a U.S. Immigration and Customs Enforcement (ICE) Student and Exchange Visitor Program (SEVP)-certified college, university, conservatory, or seminary, who has been lawfully enrolled, full-time, for one full academic year. Students may count time enrolled in a study abroad program toward the full academic year requirement, if the student spent at least one full academic term (that is, one semester, trimester, or quarter) enrolled in a full course of study in the United States prior to studying abroad. [2]
Students in English language training programs are ineligible for PT. [3]
M-1 students may engage in PT only after they complete their course of study. [4]
B. F-1 Student Curricular Practical Training
CPT is alternative work-study, cooperative education, or any other type of required internship or practicum that is offered by sponsoring employers through cooperative agreements with the school. [5] No application to USCIS for employment authorization or an Employment Authorization Document (EAD) ( Form I-766 ) is required, but the student must request authorization for CPT from the student’s Designated School Official (DSO). The CPT must be an integral part of an established curriculum. [6]
CPT occurs before the student’s program end date on the Certificate of Eligibility for Nonimmigrant Student Status ( Form I-20 ). CPT may be part-time or full-time. [7] An F-1 student who has received 1 year or more of full-time CPT is ineligible for post-completion OPT at the same educational level. [8]
Have completed one full academic year and be lawfully enrolled on a full-time basis at an approved ICE SEVP-certified school; [9]
Obtain their DSO’s endorsement on their Form I-20 and not begin CPT before the CPT start date indicated on the form; [10]
Participate in an alternative work/study, internship, cooperative education or any other type of required internship or practicum that is offered by sponsoring employers through cooperative agreements with the students’ respective schools; [11] and
Not be English language training students.
C. F-1 Student Optional Practical Training
OPT can be authorized either prior to completion of the degree program (pre-completion OPT) or following the completion of the degree program (post-completion OPT). Pre-completion OPT can be completed while school is in session, provided that the training does not exceed 20 hours a week while school is in session. During the student’s annual vacation and at other times when school is not in session, OPT can exceed 20 hours per week if the student is currently enrolled, is eligible for registration, and intends to register for the next term or session. [12]
A student may be authorized for 12 months of OPT and would become eligible for another 12 months of practical training if the student were to change to a higher educational level. [13]
A student who has not used any practical training and changes to a lower education level, where OPT would normally be available, may use the student’s initial 12 months of practical training at the lower education level. Each period of OPT must be recommended by the DSO and authorized by USCIS, as shown by a valid EAD. [14] If an F-1 student applies for post-completion OPT at the same educational level at which the student had pre-completion OPT, the amount of time approved for pre-completion OPT is deducted from the post-completion OPT authorized period.
Overtime and periods of unemployment are not considered when calculating the amount of OPT used. Rather, OPT usage is calculated based on the period of OPT authorized. For example, if an F-1 student had already received 6 months of full-time pre-completion OPT during the same degree program, but with overtime the total number of hours worked was equivalent to 7 months, the total remaining OPT time still available would be reduced by 6 months, half of the previously authorized year.
An F-1 student who has completed an authorized period of post-completion OPT may remain in F-1 status for 60 days beyond the EAD expiration date. [15] This is commonly known as a grace period, during which the F-1 student may contact their DSO to change their education level, transfer to another SEVP-certified school, [16] or file an application or petition with USCIS to change to another nonimmigrant or immigrant status.
OPT, including STEM OPT, is automatically terminated if an F-1 student:
Begins a new degree level at the same school;
Changes to a different nonimmigrant status, such as H-1B;
The effective termination date is the release date in the Student and Exchange Visitor Information System (SEVIS) for school transfer or change of program at a new degree level; the effective date of the new nonimmigrant status; the date the student violated F-1 status, as appropriate; or the date that ICE SEVP terminates the school in SEVIS upon the school’s closure.
A student enrolled at an ICE SEVP-certified college, university, conservatory, or seminary may apply to USCIS for authorization for pre-completion OPT by properly filing an Application for Employment Authorization ( Form I-765 ) after obtaining the DSO’s recommendation.
The student may not begin pre-completion OPT until the date indicated on the student’s EAD. A student may submit a Form I-765 to engage in pre-completion OPT up to 90 days prior to being enrolled for one full academic year, provided that the period of employment will not begin until after the completion of the full academic year as indicated by the DSO. Students need an EAD for each period of pre-completion OPT.
Obtain the DSO’s recommendation and have their DSO’s recommendation entered into the student’s SEVIS record and annotated on their Form I-20 ;
Be enrolled, on a full-time basis, at an ICE SEVP-certified college, university, conservatory, or seminary;
Have completed one full-time academic year or be within 90 days of completing one full academic year at the time of filing Form I-765 ; [18]
Properly file a Form I-765 with USCIS and receive a valid EAD;
Not be an English language training student; and
Pre-completion OPT is incremental and cumulative, up to 12 months. It may be granted over the course of the degree program and must take place before the program end date. Any time used for pre-completion OPT impacts the amount of post-completion OPT that USCIS may authorize.
To be eligible to apply to USCIS for post-completion OPT [19] a student must:
Have completed a course of study or be in an associate’s, bachelor’s, master’s, or doctoral degree program and have completed all course requirements for the degree (excluding thesis or equivalent);
Not be an English language training student;
Obtain the DSO’s recommendation and have the DSO’s recommendation entered into the student’s SEVIS record and annotated on their Form I-20 ;
Properly file a Form I-765 and receive a valid EAD; and
Not have completed 1 year or more of full-time CPT.
A student may work as a volunteer or unpaid intern, as long as this practice does not violate any labor laws, and the employment is related to the program of study. The student must work at least 20 hours per week. [20]
Post-completion OPT begins on the date USCIS adjudicates the employment authorization request or the date the DSO requests, whichever is later. [21] A student may not request a start date that is more than 60 days after the student’s program end date. [22] A student must complete all practical training within a 14-month period following the completion of study. [23]
An F-1 student may be authorized up to 12 months of practical training, and becomes eligible for another 12 months of practical training when they change to a higher educational level. [24] If an F-1 student applies for post-completion OPT at the same educational level in which the student had pre-completion OPT, the amount of time approved for pre-completion OPT is deducted from the post-completion OPT authorized period.
Overtime and periods of unemployment are not taken into consideration when calculating the amount of OPT used. For example, if an F-1 student had already received 1 year of part-time pre-completion OPT during the same degree program, the total remaining OPT time still available would be reduced by 6 months, half of the previously authorized year.
An F-1 student who has completed an authorized period of post-completion OPT may remain in F-1 status for 60 days beyond the EAD expiration date. During this grace period, an F-1 student may prepare for departure from the United States. [25] The F-1 student and any dependents must depart the United States by the end of the grace period if they do not either change the student’s nonimmigrant status, or transfer to an ICE SEVP-certified school. [26]
An F-1 student may not accrue an aggregate of more than 90 days of unemployment during the period of post-completion OPT.
An F-1 student who meets certain qualifications may qualify for a 24-month STEM OPT extension. [27] An F-1 student approved for STEM OPT may not accrue an aggregate of more than 150 days of unemployment during a total OPT period. This includes the post-completion OPT period and subsequent 24-month STEM OPT extension period. [28]
F-1 students with a bachelor’s degree, master’s degree, or doctorate degree in a field with a Department of Education’s Classification of Instructional Programs (CIP) code that appears on the DHS STEM Designated Degree Program List  (PDF) [29] may apply to USCIS for authorization for a 24-month OPT extension (STEM OPT) by properly filing a Form I-765 , after obtaining the DSO’s recommendation. This 24-month extension can only be granted once per qualifying degree. If the F-1 students do not fully use the extension, they are ineligible for any subsequent STEM extension.
F-1 students may submit a properly filed Form I-765 up to 90 days before the expiration of the F-1 student’s current post-completion OPT EAD and no more than 60 days after their DSO enters the STEM OPT recommendation into SEVIS.
Students who have timely and properly filed a Form I-765 for the 24-month OPT extension may continue working until the date of the USCIS written decision on the current Form I-765 or for up to 180 days after their current post-completion OPT expires, whichever is earlier. [30]
If USCIS approves the application, the F-1 student may continue working in accordance with the terms and conditions of the new EAD. If the extension is denied, employment authorization is immediately terminated and the F-1 student’s status ends in 60 days from the date of denial. However, if the application was denied because the student failed to maintain their F-1 status, they must immediately depart the United States.
To be eligible for a STEM OPT extension, an F-1 student must:
Have been granted OPT and currently be in a valid period of post-completion OPT;
Have earned a bachelor’s, master’s, or doctoral degree from a school that is accredited by a U.S. Department of Education-recognized accrediting agency and is certified by ICE SEVP when the student submits the STEM OPT extension application;
Not be in a multiple employer arrangement, or employed by a sole proprietorship, through a temp agency, through a consulting firm arrangement that provides labor for hire, or other similar relationships, if such arrangements are not bona-fide employer-employee relationships;
Be employed for no less than 20 hours per week by each qualifying STEM OPT employer; and
Complete an individualized Training Plan for STEM OPT Students ( Form I-983 ) which identifies goals for the STEM practical training opportunity, including specific knowledge, skills, or techniques that will be imparted to the F-1 student; explains how those goals will be achieved through the work-based learning opportunity with the employer; describes a performance evaluation process; and describes methods of oversight and supervision. The Form I-983 must explain how the training is directly related to the student’s qualifying STEM degree.
Before the student’s DSO at the educational institution of the student’s most recent enrollment may recommend a 24-month OPT extension, the student must follow Form I-983 instructions, have an appropriate individual in the employer's organization sign the form, and submit Form I-983 to the DSO.
To be eligible for a STEM OPT extension based on a previously earned degree, the following requirements at 8 CFR 214.2(f)(10)(ii)(C)(3) and (4) must be met:
The prior degree must be from a U.S. educational institution that is accredited by a Department of Education-recognized accrediting agency and SEVP-certified at the time of the DSO recommendation;
The prior degree must be on the DHS STEM Designated Degree List at the time of the DSO recommendation;
The prior degree must have been conferred within the 10 years preceding the DSO recommendation;
The prior degree must be directly related to the practical training opportunity; and
The student may not have previously received a STEM OPT extension based on the prior degree.
For example, if the student is currently participating in OPT based on completion of a non-STEM master’s degree, but previously received a bachelor’s degree in a field that appears on the DHS STEM Designated Degree Program List at the time of the DSO recommendation, the student may be able to apply for a STEM OPT extension based on the bachelor’s degree as long as it is from an accredited U.S. college or university and the OPT employment opportunity is directly related to the bachelor’s STEM degree.
If, in the future, an F-1 student enrolls in a new academic program and earns another qualifying STEM degree at a higher educational level, the student may be eligible for one additional 24-month STEM OPT extension, for a total of two lifetime STEM OPT extensions.
For example, if the student receives a 24-month STEM OPT extension based on a qualifying bachelor’s degree and the student later earns a qualifying STEM master’s degree, the student may apply for an additional 24-month STEM OPT extension based on the qualifying master’s degree.
An employer who wants to provide a practical training opportunity to a STEM OPT F-1 student during the student’s extension must:
Be enrolled in E-Verify, as evidenced by either a valid E-Verify company identification number or, if the employer is using an employer agent to create its E-Verify cases, a valid E-Verify client company identification number; [31]
Remain a participant in good standing with E-Verify, as determined by USCIS; [32]
Have a valid Employer Identification Number issued by the Internal Revenue Service for tax purposes; [33]
Report material changes of the F-1 student’s employment by submitting a modified Form I-983 to the DSO at the earliest available opportunity; [34]
Implement a formal training program to augment the F-1 student’s academic learning through practical experience; [35]
Provide an OPT opportunity that is commensurate with those of similarly situated U.S. workers in duties, hours, and compensation; [36] and
If applicable, report the F-1 student’s termination of employment or departure to the DSO within 5 business days. [37]
To ensure the integrity of the program and provide safeguards for U.S. workers, any employer wishing to employ a student participating in the STEM OPT extension program must ensure that:
The employer will maintain a bona fide employer-employee relationship with the F-1 student; [38]
The employer has sufficient resources and personnel available to provide appropriate training in connection with the specified opportunity at the location or locations specified in the Form I-983 ; [39]
The F-1 student will not replace a full or part-time, temporary, or permanent U.S. worker; [40] and
The training opportunity will assist the F-1 student in attaining the student’s training goals. [41]
To employ a STEM OPT F-1 student, an employer must have and maintain a bona fide employer-employee relationship with the student. [42] The employer must attest to this fact by signing the Form I-983 . The employer that signs the Form I-983 must be the same entity that provides the practical training experience to the student. [43]
To establish a bona fide relationship, the employer may not be the F-1 student’s employer in name only, nor may the F-1 student work for the employer on a volunteer basis. [44]
An employer must have sufficient resources and trained or supervisory personnel available to provide appropriate training in connection with the specified training opportunity. These personnel must be located where the F-1 student’s practical training experience will take place, as specified in the Form I-983.
The personnel who may provide and supervise the training experience may be either employees of the employer, or contractors whom the employer has directly retained to provide services to the employer. However, employees or contractors of the employer’s clients or customers may not provide and supervise the training experience of the STEM OPT F-1 student. An F-1 student with OPT or a STEM OPT extension (who is undergoing training in their own right) is never considered qualified to train another F-1 student with a STEM OPT extension.
Employers may rely on their existing training programs or policies to satisfy the performance evaluation, oversight, and supervision requirements, but the F-1 student’s Form I-983 must nevertheless be customized for the individual F-1 student. Every Form I-983 must describe the direct relationship between the STEM OPT opportunity and the F-1 student’s qualifying STEM degree, as well as the relationship between the STEM OPT opportunity and the F-1 student’s goals and objectives for work-based learning.
A STEM OPT employer may not assign, or otherwise delegate its training responsibilities to a non-employer third party (for example, a client or customer of the employer, employees of the client or customer, or contractors of the client or customer).
DHS, at its discretion, may conduct a site visit of any STEM OPT employer to ensure that the employer possesses and maintains the ability, personnel, and resources to provide structured and guided work-based learning experiences consistent with the information provided on Form I-983. [45]
During a site visit, DHS may verify that the employer that signed the Form I-983 is the same entity that is providing the practical training experience to the F-1 student and ensure compliance.
For DHS to effectively conduct these site visits as part of its oversight responsibilities, it is important that employers report any change in an F-1 student’s employment address. As indicated above and further explained below, [46] the employer and F-1 student must report such a material change by submitting a modified Form I-983 to the DSO at the earliest available opportunity.
Staffing and temporary agencies and consulting firms may employ F-1 students under the STEM OPT program if they will be the entity that provides the practical training experience to the F-1 student and have and maintain a bona fide employer-employee relationship with the F-1 student.
F-1 students may engage in a training experience that takes place at a site other than the employer’s principal place of business as long as all of the training obligations are met, including that the employer has and maintains a bona fide employer-employee relationship with the student.
Certain types of arrangements, including multiple employer arrangements, sole proprietorships, employment through temp agencies, employment through consulting firm arrangements that provide labor for hire, and other similar relationships may not be able to demonstrate a bona fide employer-employee relationship and, therefore, may not meet the requirements of the STEM OPT extension.
F-1 students seeking STEM OPT extensions may be employed by new start-up businesses so long as all regulatory requirements are met, including that the employer adheres to the training plan requirements, remains in good standing with E-Verify, will provide compensation to the STEM OPT student commensurate to that provided to similarly situated U.S. workers, and has the resources to comply with the proposed training plan. [47] For instance, alternative compensation may be allowed during a STEM OPT extension as long as the F-1 student can show that they are a bona fide employee and that their compensation, including any ownership interest in the employer entity (such as stock options), is commensurate with the compensation provided to other similarly situated U.S. workers. [48]
As part of the STEM OPT extension, employers must complete the appropriate parts of Form I-983 . In this form, employers attest that:
They have enough resources and trained personnel available to appropriately train the F-1 student;
The F-1 student will not replace a full or part-time, temporary, or permanent U.S. worker; and
Working for them will help the F-1 student attain their training objectives.
DHS reviews on a case-by-case basis whether the F-1 student will be a bona fide employee of the employer signing the training plan and verify that the employer that signs the training plan is the same entity that employs the F-1 student and provides the practical training experience. [49]
If the F-1 student establishes eligibility, DHS grants the STEM OPT 24-month extension for a fixed and uninterrupted period of 24 consecutive months.
The STEM OPT extension begins the day after the initial post-completion OPT expires, not on the date of adjudication, and ends 24 months thereafter, regardless of the date the actual extension is approved. [50] Filing during the cap-gap extension does not change the STEM OPT extension start date. STEM OPT is not extended by periods of part-time employment or unemployment.
The 14-month limit on completing post-completion OPT does not apply to the STEM OPT extension. [51]
If the Form I-765 for the STEM OPT extension is denied and the student’s post-completion OPT EAD is expired, OPT employment authorization ends on the date of the decision and the student’s F-1 status ends 60 days after the date of denial. If the Form I-765 for the STEM OPT extension is denied and the student’s post-completion OPT EAD is unexpired, the student will remain employment authorized until the expiration date of the EAD.
If the F-1 student’s degree area is changed from a non-STEM degree to a STEM degree during the last semester, the adjudicating officer may, on a case-by-case basis, request evidence to support the basis of the change.
An F-1 student on a STEM OPT extension must submit a self-evaluation of the student’s progress toward the training goals described in the Form I-983 . [52] All required evaluations must be completed prior to the conclusion of a STEM practical training opportunity, and the F-1 student and an appropriate individual in the employer’s organization must sign each evaluation to attest to its accuracy. All STEM practical training opportunities require an initial evaluation within 12 months of the approved starting date on the EAD granted pursuant to the F-1 student’s 24-month OPT extension application, and a concluding evaluation. The F-1 student is responsible for ensuring the DSO receives the F-1 student’s 12-month evaluation and final evaluation no later than 10 days following the conclusion of the reporting period or conclusion of the student’s practical training opportunity, respectively.
An F-1 student on a STEM OPT extension also must:
Submit a Form I-983 to the student's DSO within 10 days of beginning a new practical training opportunity with a new employer during the student's 24-month OPT extension and subsequently obtain a new DSO recommendation;
Sign a modified Form I-983 reflecting any material changes or deviations from the training plan described in the Form I-983; and
Ensure that that the modified Form I-983 is submitted to the F-1 student’s DSO at the earliest available opportunity. [53]
4. OPT Reporting and Employment Requirements
Under 8 CFR 214.2(f)(12)(i) , an F-1 student granted employment authorization by USCIS to engage in OPT must report to the DSO any change of name or address, or interruption of such employment for the duration of the student’s OPT. A DSO who recommends a student for OPT is responsible for updating the student’s record to reflect these reported changes for the duration of the time that practical training is authorized.
To maintain F-1 status, an F-1 student with an approved STEM OPT extension must also adhere to the following reporting requirements at 8 CFR 214.2(f)(10)(ii)(C)(7) and (9) and 8 CFR 214.2(f)(12)(ii) :
Report to the student’s DSO a change of legal name, residential or mailing address, employer name, employer address, and loss of employment within 10 days of the change; [54]
Complete a validation report every 6 months, confirming that the legal name, residential or mailing address, employer name, employer address, and loss of employment has not changed. (The requirement for validation reporting starts on the date the 24-month STEM OPT extension begins, and ends when the F-1 student’s status expires or the 24-month STEM OPT extension concludes, whichever is first. The validation report is due to the F-1 student’s DSO within 10 business days of each reporting date. [55] The student must report this information to the DSO even if it is unchanged from the prior report. The validation confirms that the required information is still true and accurate.);
Submit an updated Form I-983 containing their self-evaluation of their progress toward the training goals described in the Form I-983. [56] (All required evaluations must be completed prior to the conclusion of a STEM practical training opportunity, and the F-1 student and an appropriate individual in the employer’s organization must sign each evaluation to attest to its accuracy. All STEM practical training opportunities require an initial evaluation within 12 months of the approved starting date on the employment authorization document granted pursuant to the F-1 student’s 24-month OPT extension application, and a concluding evaluation. The F-1 student is responsible for ensuring the DSO receives the F-1 student’s 12-month evaluation and final evaluation no later than 10 days following the conclusion of the reporting period or conclusion of their practical training opportunity, respectively.);
Submit a new Form I-983 to the student’s DSO within 10 days of beginning of a new practical training opportunity with a new employer during their 24-month STEM OPT extension, and subsequently obtain a new DSO recommendation; [57] and
Sign a modified Form I-983 reflecting any material changes or deviations from the training plan described in the Form I-983, and ensure that that the modified Form I-983 is submitted to the F-1 student’s DSO at the earliest available opportunity. [58]
An F-1 student engaging in STEM OPT must complete and submit to the DSO an updated Form I-983 containing their annual self-evaluation describing the progress of the training experience 12 months after the STEM OPT start date, and a final assessment that recaps the training and knowledge acquired during the 24-month training period, signed by the STEM OPT employer. The student’s employer must fill out a new Form I-983 to report to the DSO any material changes to, or material deviations from, the student’s formal training plan.
Eligible students may apply to USCIS for authorization of OPT employment by properly filing a Form I-765 . Students need an EAD for each period of practical training. [59]
The student may not begin OPT until the date indicated on the student’s employment authorization document. [60] Employment authorization begins on the date the DSO requests or the date USCIS adjudicates the Form I-765, whichever is later. [61]
A student may submit an application for pre-completion OPT no earlier than 90 days before being enrolled for one full academic year, provided that the period of employment will not start prior to the completion of the full academic year. [62] The student must file a properly completed Form I-765 after the student’s DSO enters the OPT recommendation into SEVIS.
A student may apply for post-completion OPT no earlier than 90 days prior to the student’s program end date and no later than 60 days after the student’s program end-date. Within this 150-day window, the student must file a properly completed application no more than 30 days after the student’s DSO enters the OPT recommendation into SEVIS.
A student is maintaining lawful nonimmigrant status while they are engaging in post-completion OPT. To resume full-time studies in a new educational program after a period of post-completion OPT, the student has to complete the transfer procedure. [63]
If post-completion OPT is denied, the student’s F-1 status expires 60 days from the date the degree program ends or the date of the denial, whichever is later. However, if the application is denied because the student failed to maintain F-1 status, they must immediately depart the United States.
A student may apply for a 24-month STEM OPT extension up to 90 days before the expiration of the student’s current post-completion OPT EAD and no more than 60 days after their DSO enters the STEM OPT recommendation into SEVIS.
A student who has timely and properly filed a Form I-765 for the 24-month STEM OPT extension may continue working until the date of the USCIS written decision on the current Form I-765 or for up to 180 days after the student’s current post-completion OPT expires, whichever is earlier. [64]
If USCIS approves the application, the student may continue working in accordance with the terms and conditions of the new EAD. If the extension is denied and the student’s post-completion OPT EAD is expired, employment authorization is immediately terminated and the student’s status ends 60 days from the date of denial. If the extension is denied and the student’s post-completion OPT EAD is unexpired, the student will remain employment authorized until the expiration date of the EAD. However, if the application was denied because the student failed to maintain F-1 status, the student must immediately depart the United States.
An F-1 student who is the beneficiary of an H-1B [65] petition subject to the numerical limitations identified in INA 214(g)(1)(A) [66] and who requests a change of status is automatically granted an extension of F-1 status and employment authorization if:
The F-1 student is currently authorized for OPT employment; [67]
The F-1 student has not violated the terms and conditions of the student’s nonimmigrant status; [68]
The H-1B petition was timely filed; [69] and
The H-1B petition requested an H-1B employment start date of October 1 of the following fiscal year. [70]
The “cap-gap” period starts when an F-1 student’s status and employment authorization expires and, unless terminated, ends on October 1, the start date of the H-1B cap-subject petition filed on their behalf.
Cap-gap occurs because an employer may not file, and USCIS may not accept, a cap subject H-1B petition submitted more than 6 months in advance of the date of actual need for the beneficiary’s services or training. As a result, the earliest date that an employer can file an H-1B cap-subject petition is April 1 for the following fiscal year, which starts October 1. If USCIS approves the H-1B petition and the accompanying change of status request, the earliest date that the student may start the approved H-1B employment is October 1, but the beneficiary’s OPT employment authorization may expire before the H-1B start date.
Current regulations allow certain F-1 students with a pending or approved cap-subject H-1B petition to remain in F-1 status during the cap-gap period. The regulations provide a way of filling the gap between the end of F-1 status and the beginning of H-1B status that might otherwise occur when F-1 status is not extended for qualifying students.
Once the listed requirements above are met, the automatic cap-gap extension begins and continues until October 1, or until the H-1B petition is rejected, denied, revoked, or withdrawn, or upon the denial or withdrawal of the request for change of nonimmigrant status, even if USCIS approves the H-1B petition filed on the F-1 student’s behalf for consular processing. [71] The F-2 status of dependents is also extended if the F-1 student’s status is extended. F-2s are not eligible for employment authorization.
F-1 students who do not qualify for a cap-gap extension because they do not meet the requirements noted above, and whose periods of authorized stay expire before October 1, are required to leave the United States, apply for an H-1B visa at a consular post abroad, and seek readmission to the United States in H-1B status for the dates reflected on the approved H-1B petition.
If an H-1B cap-subject petition is filed on the behalf of an F-1 student who has entered the 60-day grace period, the F-1 student will receive the automatic cap-gap extension of the student’s F-1 status, but will not become employment-authorized (since the F-1 student was not employment-authorized at the time H-1B petition was filed, there is no employment authorization to be extended).
Unemployment during the cap-gap automatic extension counts toward the 90-day (post- completion OPT) or 150-day (for STEM OPT extension) cumulative maximum allowed unemployment.
If the student’s H-1B petition is rejected, denied, withdrawn, or revoked, or if the student’s change of status request is denied or withdrawn, the student has the standard 60-day grace period from the date of the rejection, denial, withdrawal, revocation notice, or the student’s program or OPT end date, whichever is later, to prepare for and depart the United States. [72]
If USCIS denies the H-1B change of status request due to a status violation, misrepresentation, or fraud, the F-1 student is ineligible for the cap-gap extension of status and the 60-day grace period. If USCIS revoked the H-1B petition based on a finding of a status violation, fraud, or misrepresentation discovered following approval, the 60-day grace period and cap-gap extension of status does not apply. In both of these instances, students are required to immediately leave the United States.
3. Travel Outside the United States During the Cap-gap
An F-1 student may generally travel abroad and seek readmission to the United States in F-1 status during a cap-gap period if:
USCIS has approved the student’s H-1B petition and request for change of status;
The student seeks readmission before the student’s H-1B employment begins (normally at the beginning of the fiscal year on October 1); and
The student is otherwise admissible. [73]
If an F-1 student travels abroad while the application for change of status to H-1B is still pending, the change of status portion of the petition is deemed abandoned. If the H-1B petition on behalf of the student is approved, the student may apply for an H-1B visa from abroad.
PT is the only type of work authorization available to M-1 students. It allows M-1 students to get on-the-job training that is not available in their home country. [74] PT may only be authorized after the M-1 student completes their course of study. M-1 students must obtain the DSO’s recommendation for PT. Prior to their program end date, but not more than 90 days before the program end date, M-1 students seeking PT must apply for permission to accept employment by filing a Form I-765 and an Application to Extend/Change Nonimmigrant Status ( Form I-539 ), to extend their status to allow sufficient time to complete the PT plus a 30-day departure period. [75]
In some cases, the student finishes the course of study early or U.S. Customs and Border Protection gave the student more time than needed on the student’s Arrival/Departure Record (Form I-94). These students do not need to file a Form I-539 if they have sufficient time left in status to complete their PT and depart. Students must submit a Form I-20 that has been endorsed for PT by the DSO with their Form I-539.
USCIS denies a Form I-765 if the M-1 student departs while the application is pending. An M-1 student may not be admitted to begin PT that was not authorized before the student’s departure from the United States. [76]
USCIS grants 1 month of employment authorization for each 4 months of full-time study that the M-1 student has completed, not to exceed an aggregate of 6 months. [77] USCIS does not grant the student employment authorization if the student cannot complete the requested PT within 6 months. The M-1 student may not begin employment until USCIS has issued them an employment authorization document.
[^ 1] See 8 CFR 274a.12(b)(6)(iv) , 8 CFR 214.2(f)(10) , 8 CFR 214.2(f)(11) , and 8 CFR 214.2(f)(12) .
[^ 4] See 8 CFR 274a.12(c)(6) and 8 CFR 214.2(m)(14) .
[^ 8] There is no maximum number of hours placed on CPT. Instead, the DSO indicates on the Form I-20 that training is authorized for full-time or part-time. See 8 CFR 214.2(f)(10)(i)(B) .
[^ 9] See 8 CFR 214.2(f)(10) . Students enrolled in master’s degree or doctorate programs that require immediate participation in CPT are exempt from the one-academic-year eligibility rule. See 8 CFR 214.2(f)(10)(i) .
[^ 14] For information concerning EAD requirements for F students, see Volume 10, Employment Authorization, Part A, Employment Authorization Policies and Procedures, Chapter 2, Eligibility Requirements [ 10 USCIS-PM A.2 ].
[^ 16] See the DHS Change Education Level webpage.
[^ 18] See 8 CFR 214.2(f)(11)(i)(B)(1) . USCIS regulations allow practical training for students enrolled for one full academic year, even if a portion of that qualifying period was in a valid nonimmigrant status other than F-1. The student must be in a valid F-1 nonimmigrant status when the pre-completion OPT application is filed. Students may count time enrolled in a study abroad program toward the full-academic-year requirement, as long as the student spent at least one full academic term (that is, one semester, trimester, or quarter) enrolled in a full course of study in the United States prior to studying abroad.
[^ 19] See 8 CFR 214.2(f)(10)(ii)(A)(3) .
[^ 20] See ICE Policy Guidance 1004-03 – Update to Optional Practical Training  (PDF) , issued April 23, 2010.
[^ 23] See 8 CFR 214.2(f)(10)(ii)(A)(3) .
[^ 29] See the DHS Study in the States website.
[^ 31] See 8 CFR 214.2(f)(10)(ii)(C)(5) .
[^ 32] See 8 CFR 214.2(f)(10)(ii)(C)(5) .
[^ 33] See 8 CFR 214.2(f)(10)(ii)(C)(5) .
[^ 34] See 8 CFR 214.2(f)(10)(ii)(C)(9)(ii) .
[^ 35] See 8 CFR 214.2(f)(10)(ii)(C)(7) .
[^ 36] See 8 CFR 214.2(f)(10)(ii)(C)(8) .
[^ 37] See 8 CFR 214.2(f)(10)(ii)(C)(6) .
[^ 38] See the Students: Determining STEM OPT Extension Eligibility webpage.
[^ 39] See 8 CFR 214.2(f)(10)(ii)(C)(10)(i) .
[^ 40] See 8 CFR 214.2(f)(10)(ii)(C)(10)(ii) .
[^ 41] See 8 CFR 214.2(f)(10)(ii)(C)(10)(iii) .
[^ 42] See the Students: Determining STEM OPT Extension Eligibility webpage.
[^ 43] See the Students: Determining STEM OPT Extension Eligibility webpage.
[^ 44] See the Reporting Volunteer Positions During OPT Employment webpage.
[^ 45] See 8 CFR 214.2(f)(10)(ii)(C)(11) .
[^ 46] See Subsection 4, OPT Reporting and Employment Requirements [ 2 USCIS-PM F.5(C)(4) ].
[^ 47] See 81 FR 13040  (PDF) , 13079 (Mar. 11, 2016).
[^ 48] See 81 FR 13040  (PDF) , 13079 (Mar. 11, 2016).
[^ 49] See the DHS STEM OPT Hub webpage for more information.
[^ 51] See 8 CFR 214.2(f)(10)(ii)(A)(3) .
[^ 52] See 8 CFR 214.2(f)(10)(ii)(C)(9)(i) .
[^ 53] See 8 CFR 214.2(f)(10)(ii)(C)(9)(ii) (providing a non-exclusive list of material changes and deviations that would trigger this requirement). Additionally, the educational institution whose DSO is responsible for duties associated with the F-1 student’s latest STEM OPT extension is responsible for ensuring that ICE SEVP has access to each individualized Form I-983 and associated student evaluations (electronic or hard copy), including through SEVIS if technologically available, beginning within 30 days after the document is submitted to the DSO and continuing for a period of 3 years following the completion of each STEM practical training opportunity. See 8 CFR 214.2(f)(10)(ii)(C)(9)(iii) .
[^ 56] See 8 CFR 214.2(f)(10)(ii)(C)(9)(i) .
[^ 57] See 8 CFR 214.2(f)(10)(ii)(C)(7)(iv) .
[^ 58] See 8 CFR 214.2(f)(10)(ii)(C)(9)(ii) (providing a non-exclusive list of material changes and deviations that would trigger this requirement). Additionally, the educational institution whose DSO is responsible for duties associated with the F-1 student’s latest STEM OPT extension is responsible for ensuring that ICE SEVP has access to each individualized Form I-983 and associated student evaluations (electronic or hard copy), including through SEVIS if technologically available, beginning within 30 days after the document is submitted to the DSO and continuing for a period of 3 years following the completion of each STEM practical training opportunity. See 8 CFR 214.2(f)(10)(ii)(C)(9)(iii) .
[^ 65] See INA 101(a)(15)(H)(i)(b) . An H-1B beneficiary is a nonimmigrant worker coming to the United States temporarily to perform services in a specialty occupation.
[^ 69] Timely filed means that the H-1B petition (indicating change of status rather than consular processing) was filed during the H-1B acceptance period, while the student’s authorized F-1 duration of status admission was still in effect (including any period of time during the academic course of study, any authorized periods of post-completion OPT, any authorized periods of STEM OPT, and the 60-day departure preparation period).
[^ 73] See 81 FR 13040  (PDF) (Mar. 11, 2016) (final rule).
22 CFR 41.61 Students - academic and nonacademic
8 CFR 214.1(c)(5) - Decision on application for extension or change of status
8 CFR 214.13 - SEVIS fee for certain F, J, and M nonimmigrants
8 CFR 214.2(f) - Students in colleges, universities, seminaries, conservatories, academic high schools, elementary schools, other academic institutions, and in language training programs
8 CFR 214.2(m) - Students in established vocational or other recognized nonacademic institutions, other than in language training programs
8 CFR 214.2(q)(5)(ii) - Petition for multiple participants
8 CFR 214.3 - Approval of schools for enrollment of F and M nonimmigrants
8 CFR 274a.12(c) - Aliens who must apply for employment authorization
INA 101(a)(15)(F) - Academic student definition
INA 101(a)(15)(M) - Vocational student definition
INA 214(m) - Nonimmigrant elementary and secondary school students
INA 248 , 8 CFR 248 - Change of nonimmigrant classification
G-28, Notice of Entry of Appearance as Attorney or Accredited Representative
I-539, Application To Extend/Change Nonimmigrant Status Application To Extend/Change Nonimmigrant Status
How to Use the USCIS Policy Manual Website
This technical update replaces all instances of the term “noncitizen” with “alien” or other appropriate terms throughout the Policy Manual where possible, as used to refer to a person who meets the definition provided in INA 101(a)(3) [“any person not a citizen or national of the United States”], and makes other technical and conforming changes.
1 USCIS-PM - Volume 1 - General Policies and Procedures
3 USCIS-PM - Volume 3 - Humanitarian Protection and Parole
4 USCIS-PM - Volume 4 - Refugees and Asylees
7 USCIS-PM - Volume 7 - Adjustment of Status
9 USCIS-PM - Volume 9 - Waivers and Other Forms of Relief
10 USCIS-PM - Volume 10 - Employment Authorization
11 USCIS-PM - Volume 11 - Travel and Identity Documents
12 USCIS-PM - Volume 12 - Citizenship and Naturalization
This technical update to Volume 2, Nonimmigrants, clarifies that an F-1 student may apply for a Science, Technology, Engineering, and Mathematics (STEM) Optional Practical Training (OPT) extension no later than 60 days after a designated school official’s recommendation in the Student and Exchange Visitor Information System (SEVIS). This technical update aligns the guidance with the regulations.
2 USCIS-PM F.5 - Chapter 5 - Practical Training
U.S. Citizenship and Immigration Services (USCIS) is updating policy guidance in the USCIS Policy Manual regarding when students may be eligible for optional practical training (OPT) for Science, Technology, Engineering, and Mathematics (STEM) fields; as well as clarifying guidance concerning online study, school transfers, the grace period, and study abroad.
2 USCIS-PM F.3 - Chapter 3 - Courses and Enrollment, Full Course of Study, and Reduced Course Load
2 USCIS-PM F.4 - Chapter 4 - School Transfer
2 USCIS-PM F.5 - Chapter 5 - Practical Training
2 USCIS-PM F.7 - Chapter 7 - Absences From the United States
U.S. Citizenship and Immigration Services (USCIS) is issuing policy guidance in the USCIS Policy Manual to address the nonimmigrant student (F and M) classifications, including USCIS’ role in the adjudication of applications for employment authorization and change or reinstatement of status to F or M classifications.
2 USCIS-PM F.1 - Chapter 1 - Purpose and Background
2 USCIS-PM F.2 - Chapter 2 - Eligibility Requirements
2 USCIS-PM F.3 - Chapter 3 - Courses and Enrollment, Full Course of Study, and Reduced Course Load
2 USCIS-PM F.4 - Chapter 4 - School Transfer
2 USCIS-PM F.5 - Chapter 5 - Practical Training
2 USCIS-PM F.7 - Chapter 7 - Absences From the United States
2 USCIS-PM F.8 - Chapter 8 - Change of Status, Extension of Stay, and Length of Stay
This technical update replaces all instances of the term “alien” with “noncitizen” or other appropriate terms throughout the Policy Manual where possible, as used to refer to a person who meets the definition provided in INA 101(a)(3) [“any person not a citizen or national of the United States”].
1 USCIS-PM - Volume 1 - General Policies and Procedures
7 USCIS-PM - Volume 7 - Adjustment of Status
9 USCIS-PM - Volume 9 - Waivers and Other Forms of Relief
10 USCIS-PM - Volume 10 - Employment Authorization
11 USCIS-PM - Volume 11 - Travel and Identity Documents
12 USCIS-PM - Volume 12 - Citizenship and Naturalization
U.S. Citizenship and Immigration Services (USCIS) is revising its policy guidance in the USCIS Policy Manual to align with the Fee Schedule and Changes to Certain Other Immigration Benefit Request Requirements Final Rule, published in the Federal Register on August 3, 2020. This guidance becomes effective October 2, 2020. For information regarding implementation, see Appendix: 2020 Fee Rule Litigation Summary .
1 USCIS-PM B - Part B - Submission of Benefit Requests
7 USCIS-PM A - Part A - Adjustment of Status Policies and Procedures
7 USCIS-PM F - Part F - Special Immigrant-Based Adjustment
7 USCIS-PM M - Part M - Asylee Adjustment
11 USCIS-PM A - Part A - Secure Identity Documents Policies and Procedures
U.S. Citizenship and Immigration Services (USCIS) is updating and incorporating relevant Adjudicator’s Field Manual (AFM) content into the USCIS Policy Manual. As that process is ongoing, USCIS has moved any remaining AFM content to its corresponding USCIS Policy Manual Part, in PDF format, until relevant AFM content has been properly incorporated into the USCIS Policy Manual. To the extent that a provision in the USCIS Policy Manual conflicts with remaining AFM content or Policy Memoranda, the updated information in the USCIS Policy Manual prevails. To find remaining AFM content, see the crosswalk between the AFM and the Policy Manual.
1 USCIS-PM - Volume 1 - General Policies and Procedures
3 USCIS-PM - Volume 3 - Humanitarian Protection and Parole
4 USCIS-PM - Volume 4 - Refugees and Asylees
7 USCIS-PM - Volume 7 - Adjustment of Status
9 USCIS-PM - Volume 9 - Waivers and Other Forms of Relief
11 USCIS-PM - Volume 11 - Travel and Identity Documents
12 USCIS-PM - Volume 12 - Citizenship and Naturalization
This technical update replaces all instances of the term “foreign national” with “alien” throughout the Policy Manual as used to refer to a person who meets the definition provided in INA 101(a)(3) [“any person not a citizen or national of the United States”].
1 USCIS-PM - Volume 1 - General Policies and Procedures
7 USCIS-PM - Volume 7 - Adjustment of Status
9 USCIS-PM - Volume 9 - Waivers and Other Forms of Relief
10 USCIS-PM - Volume 10 - Employment Authorization
11 USCIS-PM - Volume 11 - Travel and Identity Documents
12 USCIS-PM - Volume 12 - Citizenship and Naturalization"
https://www.ice.gov/sevis/practical-training,Practical Training,2026-05-23T13:29:48.893397,"Official websites use .gov A .gov website belongs to an official government organization in the United States.
Secure .gov websites use HTTPS A lock ( Lock Locked padlock ) or https:// means you’ve safely connected to the .gov website. Share sensitive information only on official, secure websites.
Share Share on Facebook Share on X Share on LinkedIn Email this Page Print this Page
If you are an F student, you have the option of training in the United States by engaging in practical training during your program or after it ends. Practical training can provide valuable work experience by sharpening and adding to the skills you are learning in school. There are two types of practical training available for F-1 students: curricular practical training (CPT) and optional practical training (OPT).
CPT is integral to your major and the experience must be part of your program of study.
When you enroll at the graduate level, your designated school official (DSO) may authorize CPT during your first semester if your program requires this type of experience. Ask your DSO for details.
Your DSO will provide you a new Form I-20, “Certificate of Eligibility for Nonimmigrant Student Status,” that shows that the DSO has approved you for this employment.
You can work on CPT either full-time or part-time.
CPT requires a signed cooperative agreement or a letter from your employer.
If you have 12 months or more of full-time CPT, you are ineligible for OPT, but part-time CPT is fine and will not stop you from doing OPT.
OPT must relate to your major or course of study.
You can apply for 12 months of OPT at each education level, (i.e., you may have 12 months of OPT at the bachelor’s level and another 12 months of OPT at the master’s level).
Your DSO will provide you with a new Form I-20 that shows the DSO recommendation for this employment.
For work authorization , you must mail a completed Form I-765, “Application for Employment Authorization,” to U.S. Citizenship and Immigration Services (USCIS) and pay a filing fee. USCIS will send you a Form I-766, “Employment Authorization Document,” (EAD) upon approving your Form I-765.
Wait to start work until after you receive your EAD.
While school is in session, you may only work 20 hours per week.
All F-1 students who are currently on a regular period of OPT and are eligible for a STEM OPT extension must apply for the 24-month STEM OPT extension.
You may qualify for an additional 24 months of OPT under the following circumstances: You are currently participating in a regular period of OPT. You received a science, technology, engineering or mathematics (STEM) degree at an undergraduate level or higher and seek a training opportunity related to this degree. You received your qualifying STEM degree from a currently accredited SEVP-certified college or university. The employer from which you are seeking employment uses the E-Verify program. You and your prospective employer have completed and signed the Form I-983, “Training Plan for STEM OPT Students.” For more information about the specific eligibility requirements for the 24-month STEM OPT extension, please visit the STEM OPT Hub on Study in the States .
You are currently participating in a regular period of OPT.
You received a science, technology, engineering or mathematics (STEM) degree at an undergraduate level or higher and seek a training opportunity related to this degree.
You received your qualifying STEM degree from a currently accredited SEVP-certified college or university.
The employer from which you are seeking employment uses the E-Verify program.
You and your prospective employer have completed and signed the Form I-983, “Training Plan for STEM OPT Students.”
For more information about the specific eligibility requirements for the 24-month STEM OPT extension, please visit the STEM OPT Hub on Study in the States .
Once your DSO verifies that your Form I-983 is complete and keeps it in your student record, they will provide you with a new Form I-20 that shows their recommendation for this training opportunity.
You must apply for work authorization by filing a Form I-765 with USCIS and paying a filing fee. USCIS will send you an EAD upon approving your petition.
You may continue to work on your expired EAD for OPT up to 180 days while your 24-month extension petition is pending if you meet the following conditions: You are currently in a period of post-completion OPT. You properly and in a timely manner filed your application for the 24-month extension with USCIS.
You are currently in a period of post-completion OPT.
You properly and in a timely manner filed your application for the 24-month extension with USCIS.
You must report changes in name, address, employer and loss of employment to your DSO within 10 days of any change.
Practical training is the only type of work permission available to M-1 students, with eligible students allowed to receive on-the-job-training for as many as six months after completing their program. Visit Study in the States to learn more."
https://studyinthestates.dhs.gov/sevis-help-hub/student-records/fm-student-employment/f-1-optional-practical-training-opt,No Title,2026-05-23T13:29:49.093081,"Correcting OPT Data: Correction Requests and Data Fixes
F-1 students often want to work. However, employment opportunities are limited, and strict rules apply. This document discusses different types of optional practical training (OPT) including: required forms, processes, and updating SEVIS.
Optional practical training is one type of work permission available for eligible F-1 students. It allows students to get real-world work experience related to their field of study.
While a Designated School Official (DSO) recommends OPT in SEVIS, it is the student who must apply for the work permit with the U.S. Citizenship and Immigration Service (USCIS). If the OPT is approved, USCIS will issue an Employment Authorization Document (EAD). The student must not begin working before the start date on the EAD.
Complex rules and guidance apply to OPT. Any OPT requests entered into SEVIS must comply with federal regulations. DSOs must understand the following regulations and policy guidance:
8 Code of Federal Regulations (CFR) 214.2(f)(10) through (13) 8 CFR 274a.12(c)(3) SEVP Policy Guidance on OPT SEVP Policy Guidance: Practical Training – Determining a Direct Relationship between Employment and a Student’s Major Area of Study
For students engaged in post-secondary schools or at conservatories. Twelve months of Regular OPT is available for each higher level of study. (For example a student may have 12 months for a bachelor’s degree and another 12 months for a master’s degree.)
Pre-Completion OPT: Any portion of OPT used before the student’s Program End Date. It may be part-time or full-time.
Post-Completion OPT: Any portion of OPT used after the student’s Program End Date. It must be at least 20 hours per week or full-time.
The table below lists the statuses used to identify the stages of OPT requests in SEVIS.
The student has been a full-time student for one academic year in an SEVP-certified: College University Conservatory Seminary
The student is not studying English as a Second Language.
The student’s proposed employment relates to the student’s major area of study. For more information see SEVP Policy Guidance: Practical Training – Determining a Direct Relationship between Employment and a Student’s Major Area of Study .
The student has not used all optional practical training available at the current level of study.
The student has not been authorized for 12 months or more of full-time Curricular Practical Training (CPT).
Full-time CPT at a previous school at the same program level counts toward the CPT 12month total affecting OPT. CPT at another program level does not affect OPT.
Not to file the Form I-765, “Application for Employment Authorization,” until you have recommended OPT in their SEVIS records, and they have the updated Form I-20 with the OPT recommendation.
Not to file the Form I-765, “Application for Employment Authorization,” until you have recommended OPT in their SEVIS records, and they have the updated Form I-20 with the OPT recommendation.
They must file within the 30-day period after your DSO OPT recommendation.
They must file within the 30-day period after your DSO OPT recommendation.
If a student submits the Form I-765 on paper or electronically before you recommend the OPT or after the 30-day post-DSO recommendation period:
USCIS will deny the application. (Federal regulations require the DSO OPT recommendation on the student SEVIS record before the Form I-765 is submitted.)
USCIS will deny the application. (Federal regulations require the DSO OPT recommendation on the student SEVIS record before the Form I-765 is submitted.)
The student will lose the application fee.
The student will lose the application fee.
The student will have to reapply for OPT and pay the fee again.
The student will have to reapply for OPT and pay the fee again.
IMPORTANT: Making these mistakes can dramatically delay the final USCIS authorized OPT start date.
The OPT application process involves many players and several steps:
DSO confirms eligibility, enters the request in SEVIS and issues the Form I-20.
DSO signs the Form I-20 and gives to the student.
Status of the OPT request in SEVIS immediately changes to Requested.
Note: Any OPT status updates to SEVIS are automatic and require no action on the part of the DSO.
Student completes an Application for Employment Authorization (Form I-765). The Form I-765, fee, and supporting documentation must be filed with USCIS within 30 days of the DSO’s recommendation.
Note: The Form I-765 is available on the USCIS website http://www.uscis.gov/i-765 . The web site provides submission instructions.
Upon receipt of the Form I-765, USCIS issues a Receipt Notice (Form I-797) that contains the receipt number assigned to the case.
Through an interface with USCIS, the status of the OPT request in SEVIS changes to Pending.
If USCIS needs more information, the student will receive a Request For Evidence (RFE), which states what information is needed and the deadline for submitting it. The student must respond by the deadline.
USCIS then makes a decision on the application: If the application is approved, USCIS issues an EAD and the OPT Request status in SEVIS changes to Approved. If the Form I-765 is denied, the OPT Request status in SEVIS changes to Denied.
If the application is approved, USCIS issues an EAD and the OPT Request status in SEVIS changes to Approved.
If the Form I-765 is denied, the OPT Request status in SEVIS changes to Denied.
Student receives the EAD and can begin work once the authorized date arrives.
When the student is hired, the student reports the employer information to the DSO.
Note: While on OPT, the student must report to the DSO within 10 days any changes in the student’s name or address, and employment information.
Any F-1 Optional Practical Training request in Requested status longer than 180 days is automatically canceled by SEVIS.
Form I-765 Filing Deadlines Once DSO Requests OPT in SEVIS
Applications received by USCIS after day 30 will be denied
If the student does not file a Form I-765, the DSO should cancel the OPT request in SEVIS.
DSOs must be mindful of several key dates when entering OPT in SEVIS.
DSOs must be mindful of several key dates when entering OPT in SEVIS.
Post-Completion OPT Planning Tool : This Excel spreadsheet allows users to calculate the amount of OPT available for a student and generates suggested timelines for a student, based on the Program End Date and the desired OPT start date.
SEVIS will not allow DSOs to request overlapping segments of OPT. You must specify if the OPT is pre-completion or post-completion OPT and must be either full or part part-time.
DSOs should verify and, if necessary, shorten the program end date on the Form I-20 before recommending a student for post-completion OPT
If a DSO is recommending OPT for a student who plans to split their OPT time between degree programs at the same education level, you should explicitly note in SEVIS that the student is requesting to split their OPT time. The requested OPT validity dates for each particular degree program should be limited to the planned duration of OPT for that program.
1.    Go to the Student Information page.
2.    Click OPT Request . The OPT Employment page opens.
3. Click New OPT Request . The Add OPT Employment page opens.
4. Enter information relevant to the OPT authorization.
Click the checkbox to indicate the student has met the enrollment requirement.
Select either: Pre-Completion: All employment occurs before the Program End Date. Post-Completion: All employment occurs after the Program End Date.
Pre-Completion: All employment occurs before the Program End Date.
Post-Completion: All employment occurs after the Program End Date.
Select either: Part-Time: Select if Pre-Completion OPT occurs when school is in session. Full-Time: Select full-time if: Pre-Completion OPT occurs when school is not in session. Employment is Post-Completion OPT. This is a required field.
Part-Time: Select if Pre-Completion OPT occurs when school is in session.
Full-Time: Select full-time if: Pre-Completion OPT occurs when school is not in session. Employment is Post-Completion OPT.
Pre-Completion OPT occurs when school is not in session. Employment is Post-Completion OPT.
This date cannot be before the student has completed one academic year of full-time study
A student can split their OPT time between degree programs at the same education level (for example, they intend to use six months of OPT after completing a master of fine arts degree and the remaining six months of OPT after completing a master of music degree).
The requested OPT validity dates for each particular degree program should be limited to the planned duration of OPT for that program. If the student would like to request less than the maximum validity period of post-completion OPT available for each degree program, you should explicitly note in SEVIS that the student is requesting to split their OPT time.
If you initially request 12 months of OPT based on one degree program, the student will be unable to later request OPT based on a different degree program at the same education level.
Post-Completion OPT: Start Date must be on or after the Program End Date. It cannot be more than 60 days after the Program End Date.
The date the OPT authorization is to end.
Pre-Completion OPT: Cannot be after the Program End Date.
Post-Completion OPT: Cannot enter a date more than 12 months after the Employment Start Date.
Enter or update remarks regarding the student’s planned employment. Use this field to convey important information you think the student or government officials need to know. USCIS has noted they want to see how the planned employment relates to the student’s major course of study. For example: student will pursue training .related to studies.
This field is limited to 1,000 characters.
Note: Comments entered here overwrite any existing remarks that print in the Remarks field on Page 1 of the Form I-20.
Enter any applicable remarks about the student’s employment. This field is limited to 250 characters.
These remarks do not print on the Form I-20.
5. Review the information. Click either Save or Cancel :
Cancel: Returns to the OPT Employment page without saving.
Save: Submits the OPT request. An Update Successful message displays.
To recommend an additional period of OPT, click New OPT Request and repeat Steps 4 and 5.
The start and end dates for segments of OPT cannot overlap.
Click either Print I-20 or Return to Employment List : Print I‑20 : Prints the Form I‑20 with the OPT recommendation.
Print I‑20 : Prints the Form I‑20 with the OPT recommendation.
Once the Certificate of Eligibility (Form I-20) has been submitted, the DSO must sign page one of the form.
Once the Certificate of Eligibility (Form I-20) has been submitted, the DSO must sign page one of the form.
Find more information on allowable electronic signatures and Form I-20 transmission in SEVP’s policy guidance Use of Electronic Signatures and Transmission for the Form I-20 .
Find more information on allowable electronic signatures and Form I-20 transmission in SEVP’s policy guidance Use of Electronic Signatures and Transmission for the Form I-20 .
Return to Employment List : Returns the user to the OPT Employment page. The newly added OPT employment will be on the list.
Review the information on the OPT Employment page. To make changes to the existing OPT request, click Edit . (See Edit OPT Request below for detailed edit instructions.)
Click either Print I-20 or Return : Print I-20 : Prints the Form I-20. Return : Returns the user to the Student Information page.
Return : Returns the user to the Student Information page.
OPT information can be edited depending on the status of the OPT request:
Explanation for relationship to course work
1. Click OPT Request on the Student Information page. The OPT Employment page opens.
2. Click Edit to the right of the OPT segment to be edited. The Edit OPT Employment page opens.
Click the checkbox to indicate the student has met the enrollment requirement.
Part-Time: Select if Pre-Completion OPT occurs when school is in session.
Full-Time: Select full-time if: Pre-Completion OPT occurs when school is not in session. Employment is Post-Completion OPT.
Pre-Completion OPT occurs when school is not in session.
Enter or update remarks regarding the student.
Note: Comments entered here overwrite any existing remarks that print in the Remarks field on page one of the Form I-20.
Cancel : Returns the user to the OPT Employment page without updating the employment segment.
Save: Updates this employment request in the student’s record. An Update Successful message indicates if the edit was successful. Click either Print I-20 or Return to Employment List :
Print I 20 : Prints the Form I-20 with the OPT recommendation.
Once the Certificate of Eligibility (Form I-20) has been submitted, the DSO must sign page one of the form.
Find more information on allowable electronic signatures and Form I-20 transmission in SEVP’s policy guidance Use of Electronic Signatures and Transmission for the Form I-20 .
Return to Employment List : Returns to the OPT Employment page.
An OPT request can be canceled in SEVIS ONLY if the OPT Request is in Requested status.
Do not cancel OPT request if the student has mailed the Form I-765 to USCIS.
Student must write USCIS to withdraw the Form I-765.
After processing by USCIS, OPT request status in SEVIS changes to Withdrawn.
1.      Go to the Student Information page.
2.      Click OPT Request . The OPT Employment page opens.
3. Click Cancel Request next to the segment of OPT you want to cancel. A Confirm Cancelation of Request page opens.
No: Returns the user to the OPT Employment page without canceling the OPT request.
Yes : Cancels the OPT request. An Update Successful message verifies that the update was successful. Click either Return to Employment List or Print I-20 : Click Print I-20 to print the Form I-20. Click Return to Employment List to return to the OPT Employment page ; and then click either Return or Print I-20 : Click Print I-20 to print the Form I-20. Click Return to return to the Student Information page.
Click Return to Employment List to return to the OPT Employment page ; and then click either Return or Print I-20 : Click Print I-20 to print the Form I-20. Click Return to return to the Student Information page.
Click Return to return to the Student Information page.
The student’s OPT status in the Student Requests section updates to Canceled.
Once an OPT request status changes to Pending, the student must write USCIS to withdraw the OPT application. The request must:
Be sent to the USCIS Service Center processing the application. The address is on the USCIS-issued Receipt Notice sent to the student.
Include the receipt number USCIS assigned the case when it was filed.
While on OPT, a student is required to report the following to their DSO:
Change in student’s address while on OPT.
Changes in employment or interruption of employment.
Students can enter employment information using the SEVP Portal or DSOs can update SEVIS to reflect the changes. Employment information must be updated in a timely manner.
F-1 Add, Edit, Delete Optional Practical Training (OPT) Employer
DSOs are expected to add, edit, or delete employer information in a timely manner.
While students are not required to have an employer when OPT is requested in SEVIS, students authorized for post-completion OPT are expected to be employed. A student on post-completion OPT can be unemployed for a total of 90 days.
A student whose record lacks employer information is considered unemployed.
SEVP officials can manually terminate a student who accrues 90 total days of unemployment.
See the Unemployment Counter article on the SEVIS Help Hub for more information.
The following Alert List and Student Lists in SEVIS help DSOs monitor and manage students on OPT:
The number of days of unemployment allowed
The number of days of unemployment remaining
Note : All employer start and end dates must be within the employment actual start and end dates. If employer dates fall outside the actual start and end dates the student will appear on this list and as unemployed.
DSOs can view a student’s OPT information on the following pages, which are accessed through the View section of the Student Information page:
Request/Authorization Details page : Lists only current authorizations.
Employment Information page: Lists all employment authorizations linked to the SEVIS ID.
For additional related information, see View Employment Information .
SEVIS will automatically extend post-completion OPT or 24-month science, technology, engineering, and math (STEM) extension of OPT if:
On or after April 1, an employer files an eligible H-1B petition to change the student’s status.
The requested start date for the H-1B is October 1.
The student’s OPT or 17-month OPT extension ends on or after April 1.
Review the F-1 Cap Gap Extension article for information on how to add or edit cap gap information on a record.
Correcting OPT Data: Correction Requests and Data Fixes
If OPT information in SEVIS does not reflect applications filed with or decisions made by USCIS, DSOs can ask to have the record corrected. There are two ways to correct data in a student record.
This option is used to request changes (using SEVIS) for the following:
This option is used for more complicated issues and requires DSOs to contact the SEVP Response Center (SRC) via phone at 703-603-3400 or 1-800-892-4829, or via email at SEVP@ice.dhs.gov. Types of OPT-related data fixes include:
Changing the OPT request status for an OPT request that is already in Approved status.
Any data fix that cannot be submitted in a correction request.
Student Records Classification of Instructional Programs (CIP) Dependents Print Dependent's Form I-20 Managing Dependents Overview View Dependent Add Dependent Update Dependent Terminate or Reactivate a Dependent Request/Authorization Details Sample Form I-20 Student Information Certificates of Eligibility Reinstatement COE (Form I-20) COE (Form I-20) Mass Reprint Change Education Level Create Initial COE (Form I-20) Reprint Form I-20 SEVIS Remarks on the COE (Form I-20) Completions and Terminations Complete Student SEVIS Status Terminate a Student Termination Reasons Corrections and Correction Requests Correction Requests Overview PDSO Record Correction Change a Completed or Cancelled Record to Terminated Correction Requests Program Dates Change to Student Status Change to Termination Reason Correct SEVIS Status of USCIS Request User Guide Upload Evidence for Correction Requests F/M Status F-1 Cap Gap Extension F/M SEVIS Statuses F/M Student Employment Planning Tool for 24-Month Extension of STEM OPT Planning Tool for Post Completion OPT Student Employment Overview View Employment Information Unemployment Counter F-1 Off Campus Employment and International Organization Internship F-1 Curricular Practical Training (CPT) F-1 Optional Practical Training (OPT) F-1 Add, Edit, Delete Optional Practical Training (OPT) Employer F-1 STEM Optional Practical Training (OPT) Extension M-1 Practical Training SEVIS and the SEVP Portal SEVP Portal Email Notices to Students Manage Program Dates, Registration and Course Load Manage Initial Program and Session Dates Mass Registration Registration Understanding SEVIS Program and Session Dates Extending the F-1 Form I-20 Extending the M-1 Form I-20 Reduced Course Load Shorten Program Cancel SEVIS Record in Initial Status Transfers Complete Transfer of F-1 SEVIS Record Complete Transfer of M-1 SEVIS Record Manage Transfer of F-1 SEVIS Record Manage Transfer of M-1 SEVIS Record Initiate Transfer of F-1 SEVIS Record Initiate Transfer of M-1 SEVIS Record Initiate Transfer for Students in Initial Status Update Student Records Financial Information Personal Information Program Information Travel, Passport, and Visa Information Report School Disciplinary Action as Result of Student Crime Conviction Student Event History
Classification of Instructional Programs (CIP)
Dependents Print Dependent's Form I-20 Managing Dependents Overview View Dependent Add Dependent Update Dependent Terminate or Reactivate a Dependent
Certificates of Eligibility Reinstatement COE (Form I-20) COE (Form I-20) Mass Reprint Change Education Level Create Initial COE (Form I-20) Reprint Form I-20 SEVIS Remarks on the COE (Form I-20)
Completions and Terminations Complete Student SEVIS Status Terminate a Student Termination Reasons
Corrections and Correction Requests Correction Requests Overview PDSO Record Correction Change a Completed or Cancelled Record to Terminated Correction Requests Program Dates Change to Student Status Change to Termination Reason Correct SEVIS Status of USCIS Request User Guide Upload Evidence for Correction Requests
Change a Completed or Cancelled Record to Terminated
Correction Requests Program Dates Change to Student Status Change to Termination Reason Correct SEVIS Status of USCIS Request User Guide Upload Evidence for Correction Requests
Correct SEVIS Status of USCIS Request User Guide
F/M Status F-1 Cap Gap Extension F/M SEVIS Statuses
F/M Student Employment Planning Tool for 24-Month Extension of STEM OPT Planning Tool for Post Completion OPT Student Employment Overview View Employment Information Unemployment Counter F-1 Off Campus Employment and International Organization Internship F-1 Curricular Practical Training (CPT) F-1 Optional Practical Training (OPT) F-1 Add, Edit, Delete Optional Practical Training (OPT) Employer F-1 STEM Optional Practical Training (OPT) Extension M-1 Practical Training SEVIS and the SEVP Portal SEVP Portal Email Notices to Students
Planning Tool for 24-Month Extension of STEM OPT
F-1 Off Campus Employment and International Organization Internship
F-1 Add, Edit, Delete Optional Practical Training (OPT) Employer
F-1 STEM Optional Practical Training (OPT) Extension
SEVIS and the SEVP Portal SEVP Portal Email Notices to Students
Manage Program Dates, Registration and Course Load Manage Initial Program and Session Dates Mass Registration Registration Understanding SEVIS Program and Session Dates Extending the F-1 Form I-20 Extending the M-1 Form I-20 Reduced Course Load Shorten Program Cancel SEVIS Record in Initial Status
Understanding SEVIS Program and Session Dates
Transfers Complete Transfer of F-1 SEVIS Record Complete Transfer of M-1 SEVIS Record Manage Transfer of F-1 SEVIS Record Manage Transfer of M-1 SEVIS Record Initiate Transfer of F-1 SEVIS Record Initiate Transfer of M-1 SEVIS Record Initiate Transfer for Students in Initial Status
Initiate Transfer for Students in Initial Status
Update Student Records Financial Information Personal Information Program Information Travel, Passport, and Visa Information Report School Disciplinary Action as Result of Student Crime Conviction Student Event History
Report School Disciplinary Action as Result of Student Crime Conviction
SEVIS Basics Key SEVIS Pages Elements of SEVIS Pages Broadcast Messages Nonimmigrant Search Alerts and Lists Listing of Schools Mass Actions SEVIS Downloads Reports Student Report for School Officials DSO Reports System Access and Security Terms and Conditions of Accessing SEVIS SEVIS Passwords Log In and Out of SEVIS System Actions and Messages Error Messages System Data Entry Standards Name Standards Address Standards Email Standards Name Fields Job Aid SEVIS Help Icons Job Aid SEVIS Computer Troubleshooting Tips
Key SEVIS Pages Elements of SEVIS Pages Broadcast Messages Nonimmigrant Search Alerts and Lists Listing of Schools Mass Actions SEVIS Downloads
Reports Student Report for School Officials DSO Reports
System Access and Security Terms and Conditions of Accessing SEVIS SEVIS Passwords Log In and Out of SEVIS
System Actions and Messages Error Messages
System Data Entry Standards Name Standards Address Standards Email Standards Name Fields Job Aid
School Records Request to Merge SEVIS Usernames Sample Form I-17 School Information School History School Certification Form I-17 Listing of Available Degrees SEVIS Job Aid: Update School Officials Process Flow Sketches SEVIS Job Aid: Update School Officials Form I-17 - Initial Certification Generating a SEVIS User Passkey Update School Information Form I-17 Petition Update - Overview Form I-17 Petition Update - Contact Information Form I-17 Petition Update - Programs of Study Form I-17 Petition Update - Accreditations and Recognitions Form I-17 Petition Update - School Calendar, Cost and Demographics Form I-17 Petition Update - Instructional Sites (Campuses) Form I-17 Petition Update - Manage School Officials Form I-17 Petition Update - Submit Form I-17 Petition Update - Add-Remove Program Degrees Form I-17 - Recertification Form I-17: Upload Evidence Form I-17 - Pay Fees Filing an Appeal or Motion - Pay Fees School Comparison Chart: Full Course of Study and Employment PDSO and DSO Role Comparison PDSO/DSO Annual Verification Form I-17 - View and Print
School Certification Form I-17 Listing of Available Degrees SEVIS Job Aid: Update School Officials Process Flow Sketches SEVIS Job Aid: Update School Officials Form I-17 - Initial Certification Generating a SEVIS User Passkey Update School Information Form I-17 Petition Update - Overview Form I-17 Petition Update - Contact Information Form I-17 Petition Update - Programs of Study Form I-17 Petition Update - Accreditations and Recognitions Form I-17 Petition Update - School Calendar, Cost and Demographics Form I-17 Petition Update - Instructional Sites (Campuses) Form I-17 Petition Update - Manage School Officials Form I-17 Petition Update - Submit Form I-17 Petition Update - Add-Remove Program Degrees Form I-17 - Recertification Form I-17: Upload Evidence Form I-17 - Pay Fees Filing an Appeal or Motion - Pay Fees
SEVIS Job Aid: Update School Officials Process Flow Sketches
Update School Information Form I-17 Petition Update - Overview Form I-17 Petition Update - Contact Information Form I-17 Petition Update - Programs of Study Form I-17 Petition Update - Accreditations and Recognitions Form I-17 Petition Update - School Calendar, Cost and Demographics Form I-17 Petition Update - Instructional Sites (Campuses) Form I-17 Petition Update - Manage School Officials Form I-17 Petition Update - Submit Form I-17 Petition Update - Add-Remove Program Degrees
Form I-17 Petition Update - Contact Information
Form I-17 Petition Update - Programs of Study
Form I-17 Petition Update - Accreditations and Recognitions
Form I-17 Petition Update - School Calendar, Cost and Demographics
Form I-17 Petition Update - Instructional Sites (Campuses)
Form I-17 Petition Update - Manage School Officials
Form I-17 Petition Update - Add-Remove Program Degrees
School Comparison Chart: Full Course of Study and Employment
Visit the tool on the Study in the States Facebook page to learn how to become an F or M international student in the United States.
While employed this summer, make sure you have all the relevant information on maintaining your student status, and the steps you must take before returning to school.
See the SEVIS Help Icons on the SEVIS Help Hub for a quick-reference of the icons used in this user guide.
Monday - Friday 8:00 a.m. to 6:00 p.m. ET, except holidays"
https://travel.state.gov/content/travel/en/us-visas/study/student-visa.html,U.S. Visas,2026-05-23T13:29:49.423847,"Worldwide Caution: The Department of State advises Americans worldwide to exercise increased caution.
Americans in the Middle East: Americans in the Middle East should follow the latest guidance from the nearest U.S. embassy or consulate and can contact the U.S. Department of State to receive information or assistance.
Newsroom About Us Contact Us Careers MyTravelGov Find U.S. Embassies & Consulates
U.S. Visa: Reciprocity and Civil Documents by Country
U.S. Visa: Reciprocity and Civil Documents by Country
Generally, foreign nationals who wish to travel to the United States must first obtain a visa, either a nonimmigrant visa for a temporary stay, or an immigrant visa for permanent residence. You must have a student visa to travel to the United States to study. Your course of study and the type of school you plan to attend determine whether you need an F visa or an M visa.
Generally, foreign nationals who wish to travel to the United States must first obtain a visa, either a nonimmigrant visa for a temporary stay, or an immigrant visa for permanent residence. You must have a student visa to travel to the United States to study. Your course of study and the type of school you plan to attend determine whether you need an F visa or an M visa.
To enter the United States to attend: You need the following visa category: University or college F High School Private elementary school Seminary Conservatory Another academic institution, including a language training program Vocational or other recognized nonacademic institution, other than a language training program M
Students cannot travel on the Visa Waiver Program or with Visitor Visas You must have a student visa (F or M visa) to travel to the United States to study. You may not study after entering on a visitor (B) visa, unless you are eligible for and have obtained a change of status from USCIS, or through the Visa Waiver Program (VWP), except to undertake recreational (non-credit) study as part of a tourist visit. For more information on the VWP, see Visa Waiver Program . For short periods of recreational study, a Visitor (B) visa may be appropriate A visitor (B) visa permits enrollment in a short recreational course of study, which is not for credit toward a degree or academic certificate. Learn more about Visitor Visas . Study leading to a U.S. conferred degree or certificate is not permitted on a visitor (B) visa, even if it is for a short duration. For example, a student in a distance learning program that  requires a period of time on the institution’s U.S. campus must obtain a student (F or M) visa prior to entering the United States. Student Acceptance at a SEVP Approved School The first step to studying in the United States is apply to a SEVP-approved school in the United States.  If the SEVP-approved school accepts your enrollment, you will be registered for the Student and Exchange Visitor Information System (SEVIS) and must pay the SEVIS I-901 fee.  The SEVP-approved school will issue you a Form I-20.  After you receive the Form I-20 and register in SEVIS, you may apply at a U.S. Embassy or Consulate for a student (F or M) visa.  You must present the Form I-20 to the consular officer when you attend your visa interview. If your spouse and/or children will live with you in the United States while you study, they must also enroll in SEVIS, obtain individual Form I-20s from the SEVP-approved school, and apply for a visa (but they do not pay the SEVIS fee). Visit the U.S. Immigration and Customs Enforcement (ICE) Student and Exchange Visitor Program (SEVP) website to learn more about SEVIS and the SEVIS I-901 Fee. Visit the Department of State EducationUSA website to learn about educational opportunities for undergraduate and graduate study, and an overview of the application process.  You can also visit the DHS Study in the States school search page to search for SEVP-certified schools.
Students cannot travel on the Visa Waiver Program or with Visitor Visas You must have a student visa (F or M visa) to travel to the United States to study. You may not study after entering on a visitor (B) visa, unless you are eligible for and have obtained a change of status from USCIS, or through the Visa Waiver Program (VWP), except to undertake recreational (non-credit) study as part of a tourist visit. For more information on the VWP, see Visa Waiver Program .
For short periods of recreational study, a Visitor (B) visa may be appropriate A visitor (B) visa permits enrollment in a short recreational course of study, which is not for credit toward a degree or academic certificate. Learn more about Visitor Visas .
Study leading to a U.S. conferred degree or certificate is not permitted on a visitor (B) visa, even if it is for a short duration. For example, a student in a distance learning program that  requires a period of time on the institution’s U.S. campus must obtain a student (F or M) visa prior to entering the United States.
Student Acceptance at a SEVP Approved School The first step to studying in the United States is apply to a SEVP-approved school in the United States.  If the SEVP-approved school accepts your enrollment, you will be registered for the Student and Exchange Visitor Information System (SEVIS) and must pay the SEVIS I-901 fee.  The SEVP-approved school will issue you a Form I-20.  After you receive the Form I-20 and register in SEVIS, you may apply at a U.S. Embassy or Consulate for a student (F or M) visa.  You must present the Form I-20 to the consular officer when you attend your visa interview.
If your spouse and/or children will live with you in the United States while you study, they must also enroll in SEVIS, obtain individual Form I-20s from the SEVP-approved school, and apply for a visa (but they do not pay the SEVIS fee).
Visit the U.S. Immigration and Customs Enforcement (ICE) Student and Exchange Visitor Program (SEVP) website to learn more about SEVIS and the SEVIS I-901 Fee.
Visit the Department of State EducationUSA website to learn about educational opportunities for undergraduate and graduate study, and an overview of the application process.  You can also visit the DHS Study in the States school search page to search for SEVP-certified schools.
There are several steps to apply for a visa. The order of these steps and how you complete them may vary by U.S. Embassy or Consulate. Please consult the instructions on the embassy or consulate website . Complete the Online Visa Application Online Nonimmigrant Visa Application, Form DS-160 – Learn more about completing the DS-160 . You must: 1) complete the online visa application, and 2) print the application form confirmation page to bring to your interview. Photo –You will upload your photo while completing the online Form DS-160. Your photo must meet the Photograph Requirements .
There are several steps to apply for a visa. The order of these steps and how you complete them may vary by U.S. Embassy or Consulate. Please consult the instructions on the embassy or consulate website .
Online Nonimmigrant Visa Application, Form DS-160 – Learn more about completing the DS-160 . You must: 1) complete the online visa application, and 2) print the application form confirmation page to bring to your interview.
Photo –You will upload your photo while completing the online Form DS-160. Your photo must meet the Photograph Requirements .
Interviews are generally required for visa applicants with certain limited exceptions. Consular officers may require an interview of any visa applicant.
Interviews are generally required for visa applicants with certain limited exceptions. Consular officers may require an interview of any visa applicant.
You should schedule an appointment for your visa interview at the U.S. Embassy or Consulate in the country where you live. You may schedule your interview at another U.S. Embassy or Consulate, but be aware that it may be more difficult to demostrate that you qualify for a visa outside of the country where you live. Wait times for interview appointments vary by location, season, and visa category, so you should apply for your visa early. Review the interview wait time for the location where you will apply:
You should schedule an appointment for your visa interview at the U.S. Embassy or Consulate in the country where you live. You may schedule your interview at another U.S. Embassy or Consulate, but be aware that it may be more difficult to demostrate that you qualify for a visa outside of the country where you live.
Wait times for interview appointments vary by location, season, and visa category, so you should apply for your visa early. Review the interview wait time for the location where you will apply:
New Students – Student (F and M) visas for new students can be issued up to 365 days before the start date of a course of study.  However, you will not be allowed to enter the United States on your student visa more than 30 days before the start date. Continuing Students - Student (F and M) visas for continuing students may be issued at any time, as long as the student is currently enrolled at a SEVP-approved school or institution and in SEVIS.  Continuing students may enter the United States at any time before classes start.
New Students – Student (F and M) visas for new students can be issued up to 365 days before the start date of a course of study.  However, you will not be allowed to enter the United States on your student visa more than 30 days before the start date.
Continuing Students - Student (F and M) visas for continuing students may be issued at any time, as long as the student is currently enrolled at a SEVP-approved school or institution and in SEVIS.  Continuing students may enter the United States at any time before classes start.
Fees - Pay the non-refundable visa application fee , if you are required to pay it before your interview. If your visa is approved, you may also pay a visa issuance fee, if applicable to your nationality. Fee information is provided below:
Fees - Pay the non-refundable visa application fee , if you are required to pay it before your interview. If your visa is approved, you may also pay a visa issuance fee, if applicable to your nationality. Fee information is provided below:
Select your nationality to see Issuance Fee
Review the instructions available on the website of the U.S. Embassy or Consulate where you will apply to learn more about fee payment.
Review the instructions available on the website of the U.S. Embassy or Consulate where you will apply to learn more about fee payment.
Gather and prepare the following required documents before your visa interview: Passport valid for travel to the United States – Your passport must be valid for at least six months beyond your period of stay in the United States (unless exempt by country-specific agreements ). Each individual who needs a visa must submit a separate application, including any family members listed in your passport. Nonimmigrant Visa Application, Form DS-160 confirmation page. Application fee payment receipt, if you are required to pay before your interview. Photo – You will upload your photo while completing the online Form DS-160. If the photo upload fails, you must bring one printed photo in the format explained in the Photograph Requirements . Certificate of Eligibility for Nonimmigrant (F-1) Student Status-For Academic and Language Students, Form I-20 or Certificate of Eligibility for Nonimmigrant (M-1) Student Status for Vocational Students, Form I-20 – Your school will send you a Form I-20 once they have entered your information in the SEVIS database. You and your school official must sign the Form I-20.  All students must be registered in the Student and Exchange Visitor System (SEVIS). Your spouse and/or minor children, if they intend live in the United States with you, will each receive an individual Form I-20.
Gather and prepare the following required documents before your visa interview:
Passport valid for travel to the United States – Your passport must be valid for at least six months beyond your period of stay in the United States (unless exempt by country-specific agreements ). Each individual who needs a visa must submit a separate application, including any family members listed in your passport.
Nonimmigrant Visa Application, Form DS-160 confirmation page.
Application fee payment receipt, if you are required to pay before your interview.
Photo – You will upload your photo while completing the online Form DS-160. If the photo upload fails, you must bring one printed photo in the format explained in the Photograph Requirements .
Certificate of Eligibility for Nonimmigrant (F-1) Student Status-For Academic and Language Students, Form I-20 or Certificate of Eligibility for Nonimmigrant (M-1) Student Status for Vocational Students, Form I-20 – Your school will send you a Form I-20 once they have entered your information in the SEVIS database. You and your school official must sign the Form I-20.  All students must be registered in the Student and Exchange Visitor System (SEVIS). Your spouse and/or minor children, if they intend live in the United States with you, will each receive an individual Form I-20.
A consular officer will interview you to determine your qualifications for a student visa, and may request additional documents, such as evidence of: Your academic preparation, such as: Transcripts, diplomas, degrees, or certificates from schools you attended; and Standardized test scores required by your U.S. school; Your intent to depart the United States upon completion of the course of study; and How you will pay all educational, living and travel costs. Review the instructions for how to apply for a visa on the website of the U.S. Embassy or Consulate where you will apply.
A consular officer will interview you to determine your qualifications for a student visa, and may request additional documents, such as evidence of:
Your academic preparation, such as: Transcripts, diplomas, degrees, or certificates from schools you attended; and Standardized test scores required by your U.S. school;
Transcripts, diplomas, degrees, or certificates from schools you attended; and
Standardized test scores required by your U.S. school;
Your intent to depart the United States upon completion of the course of study; and
How you will pay all educational, living and travel costs.
Review the instructions for how to apply for a visa on the website of the U.S. Embassy or Consulate where you will apply.
A consular officer will interview you to determine whether you are qualified to receive a student visa. You must establish that you meet the requirements under U.S. law to receive a visa. Ink-free, digital fingerprint scans are taken as part of the application process. They are usually taken during your interview, but this varies based on location. After your visa interview, the consular officer may determine that your application requires further administrative processing .  The consular officer will inform you if this is required. After the visa is approved, you may need to pay a visa issuance fee (if applicable to your nationality), and make arrangements for the return of the passport and visa to you.  Review the visa processing times to learn more.
A consular officer will interview you to determine whether you are qualified to receive a student visa. You must establish that you meet the requirements under U.S. law to receive a visa.
Ink-free, digital fingerprint scans are taken as part of the application process. They are usually taken during your interview, but this varies based on location.
After your visa interview, the consular officer may determine that your application requires further administrative processing .  The consular officer will inform you if this is required.
After the visa is approved, you may need to pay a visa issuance fee (if applicable to your nationality), and make arrangements for the return of the passport and visa to you.  Review the visa processing times to learn more.
A visa does not guarantee entry into the United States.  A visa only allows a foreign citizen to travel to a U.S. port-of-entry (generally an airport) and request permission to enter the United States. The Department of Homeland Security (DHS), U.S. Customs and Border Protection (CBP) officials at the port-of-entry have authority to permit or deny admission to the United States. After you present your passport, visa, and Form I-20 at the port-of-entry, a CBP official will make this decision.  Upon admission, the CBP official will provide an admission stamp or paper Form I-94, Arrival/Departure Record. Learn about procedures for students (with F or M visas) entering the United States on the CBP website under Arrival Procedures for Students or Exchange Visitors .  Learn about admissions and entry requirements, restrictions about bringing food, agricultural products, and other restricted/prohibited goods, and more by reviewing the CBP website .
A visa does not guarantee entry into the United States.  A visa only allows a foreign citizen to travel to a U.S. port-of-entry (generally an airport) and request permission to enter the United States. The Department of Homeland Security (DHS), U.S. Customs and Border Protection (CBP) officials at the port-of-entry have authority to permit or deny admission to the United States.
After you present your passport, visa, and Form I-20 at the port-of-entry, a CBP official will make this decision.  Upon admission, the CBP official will provide an admission stamp or paper Form I-94, Arrival/Departure Record.
Learn about procedures for students (with F or M visas) entering the United States on the CBP website under Arrival Procedures for Students or Exchange Visitors .  Learn about admissions and entry requirements, restrictions about bringing food, agricultural products, and other restricted/prohibited goods, and more by reviewing the CBP website .
Foreign students in the United States with F visas must depart the United States within 60 days after the program end date listed on Form I-20, including any authorized practical training. Foreign students may request an extension through U.S. Citizenship and Immigration Services (USCIS) website (see the USCIS Extend Your Stay page). Additional information to maintain student status is on the U.S. Immigration and Customs Enforcement SEVP website under Maintaining Your Immigration Status While a Student or Exchange Visitor . Failure to depart the United States on time will result in being out of status . Under U.S. law, visas of individuals who are out of status are automatically voided ( Section 222(g) of the Immigration and Nationality Act ).  Any multiple entry visa that was voided due to being out of status will not be valid for future entries into the United States. Failure to depart the United States on time may also result in you being ineligible for visas in the future in certain cases. Review Visa Denials and Ineligibilities and Waivers: Laws to learn more.
Foreign students in the United States with F visas must depart the United States within 60 days after the program end date listed on Form I-20, including any authorized practical training.
Foreign students may request an extension through U.S. Citizenship and Immigration Services (USCIS) website (see the USCIS Extend Your Stay page). Additional information to maintain student status is on the U.S. Immigration and Customs Enforcement SEVP website under Maintaining Your Immigration Status While a Student or Exchange Visitor .
Failure to depart the United States on time will result in being out of status . Under U.S. law, visas of individuals who are out of status are automatically voided ( Section 222(g) of the Immigration and Nationality Act ).  Any multiple entry visa that was voided due to being out of status will not be valid for future entries into the United States.
Failure to depart the United States on time may also result in you being ineligible for visas in the future in certain cases. Review Visa Denials and Ineligibilities and Waivers: Laws to learn more.
If your plans change while in the United States (for example, you marry a U.S. citizen or receive an offer of employment), you may be able to request a change in your nonimmigrant status to another category through U.S. Citizenship and Immigration Services (USCIS). See Change My Nonimmigrant Status on the USCIS website to learn more. While you are in the United States, receiving a change of status from USCIS does not require you to apply for a new visa.  However, once you depart the United States you must apply for a new visa at a U.S. Embassy or Consulate in the appropriate category for your travel.
If your plans change while in the United States (for example, you marry a U.S. citizen or receive an offer of employment), you may be able to request a change in your nonimmigrant status to another category through U.S. Citizenship and Immigration Services (USCIS). See Change My Nonimmigrant Status on the USCIS website to learn more.
While you are in the United States, receiving a change of status from USCIS does not require you to apply for a new visa.  However, once you depart the United States you must apply for a new visa at a U.S. Embassy or Consulate in the appropriate category for your travel.
There is no guarantee you will be issued a visa. Do not make final travel plans or buy tickets until you have a visa. For information about working in the United States during your study, review Students and Employment and Form I-765 Work Authorization Instructions on the USCIS website. If you have a temporary break in your study, view the information on the SEVP website under Do Students Returning from Temporary Absences Need New Visas? If your student visa is still valid, but you are outside the United States, you should consult with your Designated School Officials. Spouse and children Your spouse and unmarried, minor children who intend to reside with you during your study may apply for F-2 or M-2 visas. Although SEVIS fee payment is not required, your school must issue them an individual Form I-20, which is required to apply for their visas. You must provide a copy of your F-1 or M-1 visa and provide proof of relationship. Your minor children are permitted to attend school in the United States while accompanying you. U.S. Embassies and Consulates adjudicate visa applications for same-sex spouses in the same way that we adjudicate applications for opposite sex spouses. A valid U.S. visa in an expired passport is still valid. Unless canceled or revoked, a visa is valid until its expiration date. If you have a valid visa in your expired passport, do not remove it from your expired passport. You may use your valid visa in your expired passport along with a new valid passport for travel and admission to the United States.
There is no guarantee you will be issued a visa. Do not make final travel plans or buy tickets until you have a visa.
For information about working in the United States during your study, review Students and Employment and Form I-765 Work Authorization Instructions on the USCIS website.
If you have a temporary break in your study, view the information on the SEVP website under Do Students Returning from Temporary Absences Need New Visas? If your student visa is still valid, but you are outside the United States, you should consult with your Designated School Officials.
Spouse and children Your spouse and unmarried, minor children who intend to reside with you during your study may apply for F-2 or M-2 visas. Although SEVIS fee payment is not required, your school must issue them an individual Form I-20, which is required to apply for their visas. You must provide a copy of your F-1 or M-1 visa and provide proof of relationship. Your minor children are permitted to attend school in the United States while accompanying you. U.S. Embassies and Consulates adjudicate visa applications for same-sex spouses in the same way that we adjudicate applications for opposite sex spouses.
Your spouse and unmarried, minor children who intend to reside with you during your study may apply for F-2 or M-2 visas. Although SEVIS fee payment is not required, your school must issue them an individual Form I-20, which is required to apply for their visas. You must provide a copy of your F-1 or M-1 visa and provide proof of relationship.
Your minor children are permitted to attend school in the United States while accompanying you.
U.S. Embassies and Consulates adjudicate visa applications for same-sex spouses in the same way that we adjudicate applications for opposite sex spouses.
A valid U.S. visa in an expired passport is still valid. Unless canceled or revoked, a visa is valid until its expiration date. If you have a valid visa in your expired passport, do not remove it from your expired passport. You may use your valid visa in your expired passport along with a new valid passport for travel and admission to the United States.
Students on F or M visas are not permitted to enter the United States earlier than 30 days before the start date of their program.  If you wish to enter earlier than 30 days before your start date, you must separately apply and qualify for a visitor (B) visa.
After you are admitted to the United States by U.S. Customs and Border Protection (CBP) officials in visitor (B) visa status, you must separately apply to U.S. Citizenship and Immigration Services (USCIS) for a change of status to student (For M) status prior to the start of your program.  You may not begin your course of study until the change of status is approved, and you may encounter lengthy processing times.  You may also depart the United States and re-enter on your student (F or M) visa.
Students who are authorized Optional Practical Training (OPT) must have a Form I-20 endorsed for OPT and must apply to USCIS for an Employment Authorization Document (EAD).  OPT is temporary employment that is directly related to the eligible F-1 student's area of study. To learn more about OPT, please visit the USCIS Website and the ICE International Students webpage.
There are restrictions on students in F-1 nonimmigrant status attending public school in the United States. See Foreign Students in Public Schools to learn more.
Whether you are applying for the first time or renewing your visa, you will use the same application process (please review How to Apply , above).
Review Visa Denials for detailed information about visa ineligibilities, denials, and waivers.
You may reapply if you believe you have additional evidence of your qualifications for a student (F or M) visa, or you believe your circumstances have changed. Review Visa Denials to learn more.
Attempting to obtain a visa by the willful misrepresentation of a material fact, or fraud, may result in the permanent refusal of a visa or denial of entry into the United States.
Review Ineligibilities and Waivers: Laws.
Citizens of Canada and Bermuda generally do not require visas to enter the United States as students, although they must present a valid Form I-20 at the time of admission. For more information see information for Citizens of Canada and Bermuda .
Additional resources for Canadian visitors to the United States can be found on the U.S. Embassy and Consulate websites in Canada .
Case-Specific Questions - Contact the U.S. Embassy or Consulate handling your visa application for status information. Select U.S. Embassy or Consulate for contact information.
A-Z Index Lost/Stolen Travel Documents Denials SEVIS-ICE DHS-Study in the States Visa Expiration Date Automatic Revalidation Find a U.S. Embassy or Consulate Student Advising Center Visa Applicants - State Sponsors of Terrorism Customer Service Statement
You are about to leave travel.state.gov for an external website that is not maintained by the U.S. Department of State.
Links to external websites are provided as a convenience and should not be construed as an endorsement by the U.S. Department of State of the views or products contained therein. If you wish to remain on travel.state.gov, click the ""cancel"" message."
https://www.nist.gov/itl/ai-risk-management-framework,AI Risk Management Framework,2026-05-23T13:29:49.575354,"Official websites use .gov A .gov website belongs to an official government organization in the United States.
Secure .gov websites use HTTPS A lock ( Lock A locked padlock ) or https:// means you’ve safely connected to the .gov website. Share sensitive information only on official, secure websites.
https://www.nist.gov/itl/ai-risk-management-framework
On April 7, 2026, NIST released a concept note for an AI RMF Profile on Trustworthy AI in Critical Infrastructure . The profile will guide critical infrastructure operators towards specific risk management practices to consider when engaging AI-enabled capabilities. Learn more .
Download the AI RMF 1.0 View the AI RMF Playbook Visit the AI Resource Center
Led by the Information Technology Laboratory (ITL) AI Program, and in collaboration with the private and public sectors, NIST has developed a framework to better manage risks to individuals, organizations, and society associated with artificial intelligence (AI). The NIST AI Risk Management Framework (AI RMF) is intended for voluntary use and to improve the ability to incorporate trustworthiness considerations into the design, development, use, and evaluation of AI products, services, and systems.
Released on January 26, 2023, the Framework was developed through a consensus-driven, open, transparent, and collaborative process that included a Request for Information, several draft versions for public comments, multiple workshops , and other opportunities to provide input. It is intended to build on, align with, and support AI risk management efforts by others ( Fact Sheet ).
A companion NIST AI RMF Playbook also has been published by NIST along with an AI RMF Roadmap , AI RMF Crosswalk , and various Perspectives .
On March 30, 2023, NIST launched the Trustworthy and Responsible AI Resource Center , which will facilitate implementation of, and international alignment with, the AI RMF. Examples of how other organizations are building on and using the AI RMF can be found via the AIRC’s Use Case page .
On July 26, 2024, NIST released NIST-AI- 600-1, Artificial Intelligence Risk Management Framework: Generative Artificial Intelligence Profile . The profile  can help organizations identify unique risks posed by generative AI and proposes actions for generative AI risk management that best aligns with their goals and priorities.
On April 7, 2026, NIST released a concept note for an AI RMF Profile on Trustworthy AI in Critical Infrastructure . The profile will guide critical infrastructure operators towards specific risk management practices to consider when engaging AI-enabled capabilities.
To view public comments received on the previous drafts of the AI RMF and Requests for Information, see the AI RMF Development page.
NIST AI Risk Management Framework (Arabic)
NIST AI Risk Management Framework (Japanese)
Second draft of the AI Risk Management Framework (August 18, 2022)
Initial draft of the AI Risk Management Framework (March 17, 2022)
Concept paper to help guide development of the AI Risk Management Framework (December 13, 2021)
Brief summary of responses to the July 29, 2021, RFI (October 15, 2021)
Draft -Taxonomy of AI Risk (October 15, 2021)
AI Risk Management Framework Request for Information (July 29, 2021)
aiframework [at] nist.gov (aiframework[at]nist[dot]gov)"
https://airc.nist.gov/airmf-resources/playbook/,NIST AI RMF Playbook,2026-05-23T13:29:49.868018,"Official websites use .gov A .gov website belongs to an official government
              organization in the United States.
Secure .gov websites use HTTPS A lock ( Lock Locked padlock icon ) or https:// means you’ve safely connected to
                the .gov website. Share sensitive information only on official,
                secure websites.
AI RMF Resources AI RMF Playbook Govern Map Measure Manage Audit Log FAQ Roadmap Example of Use Cases Crosswalk Documents
Playbook Govern Map Measure Manage Audit Log FAQ
The Playbook provides suggested actions for achieving the outcomes laid out in the AI Risk Management Framework (AI RMF) Core (Tables 1
    – 4 in AI RMF 1.0) . Suggestions are aligned to each sub-category within the four AI RMF functions (Govern,
  Map, Measure, Manage).
The Playbook is neither a checklist nor set of steps to be followed in its entirety.
Playbook suggestions are voluntary. Organizations may utilize this information by borrowing as many – or as few –
  suggestions as apply to their industry use case or interests.
The playbook is a living resource and is expected to evolve as AI technology advances — Individuals are
      encouraged to provide feedback about the content of the Playbook by emailing AIframework@nist.gov . Playbook updates will be released
      approximately twice per year.
Aspects related to the presentation and delivery of Playbook suggestions are under development. Future online
    versions may include options for filtering or tailoring information to user preferences and requirements.
See the page previously known as ""Terms"" in the AI RMF Appendix A: 📚Descriptions
        of AI Actor Tasks"
https://www.govinfo.gov/app/details/GOVPUB-PREX23-PURL-gpo193638,No Title,2026-05-23T13:29:50.017527,
https://www.occ.gov/news-issuances/bulletins/2026/bulletin-2026-13.html,Model Risk Management: Revised Guidance,2026-05-23T13:29:50.336312,"An official website of the United States government
Quick Access Most Requested Bank Secrecy Act (BSA) Contact Us Community Reinvestment Act (CRA) Comptroller's Handbook Corporate Applications Search Enforcement Action Search Financial Institution Lists Newsroom Third-Party Relationships: Interagency Guidance on Risk Management More OCC Websites BankNet.gov Find resources for bankers. HelpWithMyBank.gov Get answers to banking questions.
Third-Party Relationships: Interagency Guidance on Risk Management
BankNet.gov Find resources for bankers. HelpWithMyBank.gov Get answers to banking questions.
HelpWithMyBank.gov Get answers to banking questions.
Search More Search Tools Financial Institution Search CRA Performance Evaluations Search Enforcement Actions Search Corporate Applications Search (CAS)
Financial Institution Search CRA Performance Evaluations Search Enforcement Actions Search Corporate Applications Search (CAS)
Chief Executive Officers of All National Banks, Federal Savings Associations, and Federal Branches and Agencies; Department and Division Heads; All Examining Personnel; and Other Interested Parties
The Office of the Comptroller of the Currency (OCC), the Board of Governors of the Federal Reserve System (Federal Reserve Board), and the Federal Deposit Insurance Corporation (FDIC) (collectively, the agencies) are issuing updated interagency guidance and this bulletin to clarify model risk management principles, to set forth a risk-based approach to model risk management, and to rescind prior model risk management guidance and other issuances.
âModel Risk Managementâ booklet of the Comptrollerâs Handbook
OCC Bulletin 1997-24, âCredit Scoring Models: Examination Guidance,â including the Appendix, âSafety and Soundness and Compliance Issues on Credit Scoring Modelsâ
OCC Bulletin 2011-12, âSound Practices for Model Risk Management: Supervisory Guidance on Model Risk Managementâ
OCC Bulletin 2021-19, âBank Secrecy Act/Anti-Money Laundering: Interagency Statement on Model Risk Management for Bank Systems Supporting BSA/AML Compliance and Request for Informationâ
This guidance is applicable to all community banks, subject to the limitations discussed in the guidance. 1
The guidance provides an overview of model risk and model risk management and discusses model development and model use; model validation and monitoring; governance and controls; and considerations related to vendor and other third-party products.
Practices that are appropriate and effective for one banking organization may be inappropriate and ineffective for a banking organization with a different risk profile or that uses a model for a different purpose.
The general expectation is that this guidance will be most useful for models supporting a banking organizationâs significant business lines, operations, services, and functions.
Generative AI and agentic AI models are novel and rapidly evolving. As such, they are not within the scope of this guidance. Furthermore, this guidance is expected to be most relevant to banking organizations with over $30 billion in total assets. However, in some situations, this guidance also may be relevant to banking organizations with total assets of $30 billion or less that have significant exposure to model risk because of the prevalence and complexity of their models or because of activities outside the scope of traditional community banking.
This guidance does not set forth enforceable standards or prescriptive requirements; accordingly, non-compliance with this guidance will not result in supervisory criticism against a banking organization.
In April 2011, the OCC and the Federal Reserve Board issued supervisory guidance on model risk management (2011 guidance), which the OCC and Federal Reserve Board developed jointly. 2 In June 2017, the FDIC adopted the 2011 guidance, with technical conforming changes. 3 The agencies subsequently issued additional items that served to inform examiner and industry understanding of model risk management, including the OCCâs âModel Risk Managementâ booklet of the Comptrollerâs Handbook , along with the 2021 Interagency Statement on Model Risk Management for Bank Systems Supporting BSA/AML Compliance and the related request for information. In addition, while OCC Bulletin 1997-24, including its appendix, predate the 2011 guidance, that bulletin discusses credit score modeling practices.
Based on supervisory experience and industry feedback, as well as technological advancements in modeling over the past several years, the agencies are issuing this guidance to clarify model risk management principles and to set forth a risk-based approach to model risk management, tailored to a banking organizationâs model risk profile and the size and complexity of its operations. In particular, the agencies are updating and replacing the 2011 guidance with this updated guidance and rescinding the additional items discussed above. The OCC previously began to address technological, supervisory, and other developments by clarifying the scope of model risk management under existing guidance while acknowledging that the OCC will continue to review model risk management guidance. 4
For the purposes of this guidance, the term âmodelâ refers to a complex quantitative method, system, or approach that applies statistical, economic, or financial theories to process input data into quantitative estimates. The term âmodelâ in this guidance excludes simple arithmetic calculations, such as those found within spreadsheets, as well as deterministic rule-based processes and software where there are no statistical, economic, or financial theories underpinning their design or use. Generative AI and agentic AI models are novel and rapidly evolving. As such, they are not within the scope of this guidance. Furthermore, this guidance is expected to be most relevant to banking organizations with over $30 billion in total assets. However, in some situations, this guidance also may be relevant to banking organizations with total assets of $30 billion or less that have significant exposure to model risk because of the prevalence and complexity of their models or because of activities outside the scope of traditional community banking.
This guidance highlights sound principles for effective model risk management. In particular, the guidance discusses the factors that influence model risk and the features of effective (1) model development and model use, including model testing; (2) model validation and monitoring, including validating conceptual soundness and outcomes analyses; and (3) governance and controls, including clear policies and roles and responsibilities. The guidance also discusses considerations specific to vendor and other third-party products, including validation of these products. However, as the guidance makes clear, the guidance does not set forth enforceable standards or prescriptive requirements.
The agencies will continue to consider additional measures to address model risk management consistent with broader supervisory and other goals. For example, the agencies plan to issue in the near future a request for information that addresses model risk management generally and considers, in particular, banksâ use of AI, including generative AI and agentic AI and AI-based models.
Please contact Chau Do, Chief Economist and Deputy Comptroller for Economics in the Office of the Chief National Bank Examiner (CNBE), at 202-649-5490.
James M. Gallagher Senior Deputy Comptroller and Chief National Bank Examiner
âModel Risk Management: Revised Guidanceâ (PDF)
1 âBanksâ refers collectively to national banks, federal savings associations, and federal branches and agencies of foreign banking organizations.
2 OCC Bulletin 2011-12, âSound Practices for Model Risk Management: Supervisory Guidance on Model Risk Managementâ; Supervision and Regulation Letter 11-7, âGuidance on Model Risk Managementâ (April 4, 2011).
3 Financial Institution Letter-22-2017, âAdoption of Supervisory Guidance on Model Risk Managementâ (June 7, 2017).
4 Refer to OCC Bulletin 2025-26, âModel Risk Management: Clarification for Community Banks,â noting, for instance, that âOCCâs guidance on model risk management does not, and should not be interpreted to, require community banks to perform annual model validation.â"
https://www.federalreserve.gov/supervisionreg/srletters/SR2602.pdf,No Title,2026-05-23T13:29:50.622308,"����""�������""���Ї>5�n*�8g�]��;�����u��[�&�SBc#��	�8{2Ń��:�h�R:�6)��A& �%�b��a�Wk�*L�
�Q�Jga�Jǥ�
k�ȡ�
P=�S�^S��-��l;�aOO������~GA4Wb�,F���*1�-�I�}En�E���%� ����N���8�[C|Q	��.Y�f�R4�v�N()L�B��iQ%""UL�SS��M�ʀ0VF7i��:�Z�/����cm��f����l��{�w�St�����>��n8՚����/�y��jl��~�w��]c�f�oǳB�K�}ˋdoً�a���ƃ�%(q��\�o�B��16���KoN�C�'}x|ql�Jy��""�I��(.�Ĺlz8�L��d�2� |ȚEѝ%��L\��c�G!��?�`#V�D%��ݰ+=V�ۛ���4F�!�jT,���v�D΢�I��%H#����F���|w���L.|�{�m��o���$*������;��ݿ>�b��Z㓙�7�so��ԝ����um�R:��~�d��5T��N�}^8 �V�N
��i�`�+�sҹ�E�z}�h���t��N�,1���%���JHN{ �q���Ol�F�o��PF<eģƢ��(]�RF��r���Ep�^����� p���� ��C�0���/� �8�A�]����՚�y1���?!p��&I`��$�_R,D�E�g��L  ��4�_����XѶ�i����[��u���r;�Bg�Ta$t;d ���[<�u@�;=C��'��/���o���yワlL��A7�t�""z�:ňò6�C�pA!��%���������3�����ѐ3��tN;�`).UK/Y޴̗,.�y��������>V���8���8�����f�`P��֓V�Ȑc.�c�J�d1�����p�oȇI�����Y|�����Q��?M��w8�Z�rC�a
�1I�\O��ٺoIy0~���A���������ɗ�A1n�^O��S)�sA�kQ����,xm�#˸5���~ƞ�ȩ{�L3ʑ]	z�o/A$�I���3���i���i����)��ŉJ�U=4�+[�ѵ��R��dc�l�^��z� �.���G3 �I���`�X�<#{�4�����t�����;���������c�{pώ�Z[%����/�:���~�8{ �����d�������w޹u�{?�ڗ����!��5p�t����|�G�&y��^�{s��kw�>rZ��X�B[���,�""���Vkw����Uz��ؿ0Q82p���1.�p��腷�\�$��8q`��ϓ��yaa��u:� _lߝ��w��ۇC(&�\��(%m�QA�Xڥ%I�G`� 
�e�m71V�R!�#����ZG������2�tU�X�Jp���Z���=���y~��ôԘ.������1�o�e?�A�0ŝ&P�i.�S�;�>aL�&��Va��=.��'����aax�����(;Qf���f�9fr��j�3�s��t��Y2�!���=�@Lv*s�G}0���j�qsl�xZ5蜒������[��^�x���=�O뉟��t1K��颁�ʺ�KH�X+���<`�l1��`�^�����G�ڙ�t�3��}����7b���8���_8�t:�0~�)���uE�s{���9`�o�R�+L}�&�pԲ�F-;�~7��~�H�,���0�ovp.�=nڊ�
*�y������L�\�/̞�7<�2�c�!Uw~�W?l�-|y_r���}��$�9��VĂ��&��B��>����xͧ�	�W�����:���aaa���է��~x�pA��^�jM�J��^lssչ���i5esn��V�e�U����F��n../��mh�ګ��h����2�oA�������wՑ��%u�8�\W�kc����-;� �(�k`��X�)e���z��@����^����.���æ����z���{3cz�d8""�H�h�:��u�[U�Z�yv%�i
!�Ng�;dW�B�2�yܤ{1f��N���-j$����G}f��!ӧ<��:yZ, X&`48M�
�h�~!__���69��P�dG�m]]İ-ZK�]���P9H%U��TI.!A-)Ó����bJ4��k5�!�A-p��H�""�ְ;��D��Ȉf�K�djUJj&PT�K�T����_���wn��V���I�x���>�|}��$&[wF��Н�6Ml~.V�L�1���k2�t���������L^��N��C(�*�� ����/b���8W;�vk�K�/x�%KT�,�*��QD�qY��/��e�����/}<�X�ȱIV�+�~C�%G��ɱ�~2VR�<ɒ)N�0w Ks����d�����Xgk�AӴ-��+`.�:�Z;�Zf�����E9�����&@�c�������W ���/1p����r2���YhF%y9���8Z#oDO���_�xN���?�@}�j�U]Lg�<<4Sn��?�j��!�v��щ�h98u���V""JCˋ�O.�!��� yi%b�.�(�یVN��
���/�)���3�#Cc-�E�e1]-
L-D���w�]�(2��@���#�C��L:��fp�01�#=������iaS���	��N����7&~mo|sV-y*�'�� C����a������|?��]������.�q#N�����k�RT�����Q�I4D�c""[""OTRq��ˤ���h�<<3�E�}��p�6���j<�BU��<59�09�B0�W�Y��-��AC?�H�?ف8wp��1�ឲ�T@䗐I���UH7�5ٲ_""�u�Y�V�Q�V���[��ٳ��s������*_(��^X ��;����V���n��`��ݤwDA\���̂�wgQ�����Mj���A�3��߫�I�.sE���pki)�I���tS�ίI?�����g�� �F�F��]ѫg���K��ĥ��̍�;�ģ�K�݂�ΛqB�A3��Ƭ�h�9� �x#w.w��$7���Q�X�\̞��ooH ս#���ʼ��wTS+O<�ݍ_Fǟ ����qMy����)�8{���<O�Sj(4J�����kq=�m-����ZK�t˸�xi�g}�k�g��5��lБ�c��D���Å��pi�c�Sr�\Y�+�M����e��	߄�٦#ܫ���B���ߚݷ��Ů��N�FB癪c��)M��c�����o W���@3��-�n�t7Kl�I>����d�D&��'��5�S(UE	[�y/z�5/�{Oy�y�*�:���L���@?چ.��l[[��^��>��-�f�ٳm�:��֡pmp*s�xbiq|yDT�e���� �aJ����%�E�t䬂�q8�n��d	�L���,0Y����Z���n1�
ػ,e��>�x1Ǔ�1���C-�a�`�*�x�]�ݞG�]&[� �f�����
�e֒�K��5���R>�c�״@������gF� ��������������hÉF>3�05~������4\��t�)�*;
�::o%}���{�o�|��l�yᾢ�~4� $���s�^��N��쇛��rtW(j�N�S�v��S�x`��_�2}���j9��K/�|z�}w�����/���s��� Y�&d�4:;�Ch5i{�^��a�&�^��8��8v��EL��A�V�F'q�N0:VdѨ���D&c��^���ϜbX��3vTtR�uR{uR�u6�T�ԈWK���h#�1������~n��#�ԋU��w�T¦ �T!櫁ٻJ�f]r���DYC-z��-c�J�w����@�+(��<�5M�pUX�ձG�R�S��e���@""E6,�_�G���Ͼ&�\~�с� ǹ�w	)�>�)nR
�i彁����Kw��uK��a�;�Z�������5���64���&��j}1�w���2�L$����������B6]N�~k���<����G�_#A�b�Q�c��Y�!#��ca#	�!_q2�q6C���r���-`���,iZ��)��hp���E�g�7 �I�'o&W�i�F�7�ZoI�Иu�:m]�XK�Ӎ�Ӎ�Ӎ�7�|�h��i��%�_#��#��{���5����h�3+�E�""4rM
|����(RF���h$���t�I��2�7�ζ""W��$[��+I�Q[�77G��gƉA�����(ס0�$A����p�	A�Ui
�4S���ޥt����#t��o�,^��+����Ph�4lza��~�� �N&�Ǘ�x��צ��;�؜L��&�g�.Ol������-df}Ф�&3�;�b��ɼ�g0~``�i���YIǪ *�z}�^e�ʕ��[�}��T�U>�""�Ka�K�JE����j?O�滭�2�C�¿��6�)p'""'��y����ɽ�����r?ˇ}��a�{,�Hh��_w����m�~�[�c��0(>\�Cr���8�q�๸Qd���%.�g���	fT�۰�������?e�3��S�j��P�c � �&S]Q�/]��[A���� á#��,��b=������U>.
�^ @��y""���G!]�d��;o�P�ϖj���[*�~j�`�t�V��wǂ��l���27^1�>&�T�,U>��F��T9��2�0=1!����q�h�r�2[�D$��ua_Y�}e����RE��꼿\��Wg��ݦ:�;�
����Jn�@�K��+�y�_KK�dyL�2(]��^�,eW��6�D���;��� �s���Zc����<ߙd �k��J�����X�SjԠ#�O�`��	u��-�t��Fa��l���m(%���HZkM���)X��5\/Z�mf�~�? D���ؗ��;�[�b� s�=��D��C��ڸ~�x%w�����Z�5��m�mt6xV};�=���[�7��E�""����L�=�������ȴ�[�=��36����vۧ�K�틿�evp;���+��קzs̠�-�9������p�$�ε���9HXaF�P�K�%�
T߬��""�(����GLOlaz�	���_���d	FBZ0�Kk)E���ĒZ�cwi���蔆����>7d�!""��`������c�i:L�(�'�\Ȳr6�q�ݲah��T�q�B~?�sB��wlسI�h�4T��Z˞����&{�=l�z��m��o��C�L��2��_�b���H��K�sԞ�*�-�l�o���Ϫe���؝y��Γ5�Uv>���O����間k�<|9��y���PM��`ŉIJ��R%�Â&�*��-���eH�=""8���@���)u@�������J��7�#pb��+$�������d����
����x�X(��D����͊����]���F��RF]D
64Ӕ��UȒI�E���@�d����+���cv�O��i%�/q�ɱW%��³0��Y�SͪO�5&APĆ�E����XM�~�\���_q�@�Ӹv�G��bz""�$�<�X)
�%�K`�O���â!��;��l;��!�!�y""Ƥ۬��
pRэFq��Ĺ�kn/E�J�ެ�Pe3ƕ�""0�M/|rK�:�2d^������\��-��w�_�S���bĝ��a�O+e�ϟ N��E6��Kre��z���]k�M���ʩ(��""����o@���=����]�p��n����j���r{:[��	qy~Vp�rD��RQFP��""mx�ȈeꄛF�&u��O�s��R�e?�Uv�<�hv""Ke�����g� ���dv�$�(
����[�W�]D3a�+�8�7'�3&㚷Mj�$M/2�P=G���N��ˍi9�������	��9�6G�C%��T��U��l,��|y0Ȁ�_��|w4ߝ��C�������L��k2�\5!N�""I��t�vy�q]�[o�;�:�(V��<�6&���c�hP'�`m\��DS��щ.�`��RtY'kДز�M`�B����V��G�1r?���c�&+
����rO�����fk�N������!G5�S?�=���#�3���� Q�L�ӟAxNmFU��X��n͌����7=�����1�9^�aЊ1�` ��֨�""�haD��;��3>j�7�{�G�>��6��,�K������D�,��y�C�� \.�a�׽U��^SoihlѻӱJ���d���G�T�A#.i�1���U�hP���0�3�ـ4����A`�b�x~��Q��d�Ԧ��q������q��#�#��ZP��U�WHb����@ �c�d�����~��������֐�l~���s/�)�����㝷&J%z��#r��Rj�ϫ��ե_j!P���6B�j�e� �RT��l*�YX֫4lج����F
�����(ԕ�`���?���i($P$2C�����b)M8Y�5�?����뎿wg߻�����w��;�8ı��@LSr��aQYXm��� �M�T�vh�:��!�JƤ�T[-c�FB1h�\�@ǈiK�""��n+4R������=�Aݽ{g��{�~��G����y�Ʌ|����6���@��v�u���d�5m͡ϝ�j܃�����
��u��!�Mߨ:Zw
�������r%��x+tۺ���W{N;l��c1�Z�����	���|+`��r(�@�������G+���њ��^�b�%˛���hc�k9X�;z���>���(�٨���Q4�*hI��N�\����T���q}{lmA�HPKhl�)t-���1����b1�Ƞ�Lv���@�Җ����~9��$�_�
���ގ�!KQh��^�H��ia�SQr��M��o��J��Ʀb��+E��d����!������ժ2��`�k�""L��)�J��*Y���?�'Ɠ�""�xDu�bkw=�#;��:��?�1n�`����L��׌��8q�^W˫�/u߿�p�(͕�K���0!�1�U82h""+l0
4�%:����PXZ��p�+�ت�#��E�o(L��¦F�P�ْ�m��D:�J��Q.����\�,x�
�2���������y:4�'��p!̅M7���X�pP
��ik9�^8s��ʴ$�o��-��ia<9���e�2�LR���:�iN��||e ��d3���'[����ם�Ù3�J�ؙ��2F�����""nN�E����jW��Y�ێ_4ϐJf!�Y���6ܠ�OvX}�֋�!�5k�Y��r���(��{�i_�^n�E��&s;R:�53�S)�w���X��hz�6��i��q'�I�ѵ�%K��=mBWK׾*��Y,�;;�""��<%\�1.Ro}c�!.�7�	%pj""q7;S�jq�d������T̃g ��G�[���ᩲ�|���Nf�@���n�>��kS[��c���5����W���[���j�5�i�Z�����'��m����.]�=�3ƾ�fO��X�x�{O��۟^�E������8�0?��D����""�52�aYo���p8�8��2����p����JQG��t4a��#����l\\=O�Ʊ��ftC�? ����?��T����8�o1�㫓�>Q��(�b�q�#R �{�8�Q�{�	OE`i�b)��~3뤗�Z(�Zhd�ޒe3�u󐜚��!�I>�|��fJ��h�u�@��yg�
���;�3�\]�YѤ�c2(6e����lPH����mu��	�%�H�ǩC��z)��s��;��3����r��7��
� �ՍH�O�������%ZO�S�*�)�G�37s��\����NJ']e�4�������u��i��&\��t�Fa��!����G��N���rڠ�O�o�]�Ɂ�N�,9����f�ޠ��?��k���y����8b��]�Xĭ�ȵ�Gě""���+��9QO˺�P\�)[k�my��#Y�-�_��Lg""�^�]��%��e�b��b�y�(
���T�Bs�K:��6�g h \8���Q1��&�9����ai�""�4w,�ӹ8D�cM9Rm(�L��`������sU{�ٲ�ӕ@.`��8e|-al�\A�[�Q�|~nH��*x�;�C*q;ʢ91�~��""�O���lu�BjT!�QPG��޵��iS��������w./Ŀt*�����s�_{啝�������`���k��""pg}�9�@In�#�O3=L�T��6%�`+��E9�E����۶F[�e0�*h�Kl�Gj�&�e��e:�+J�sj^���^��O�����Y""���� j�B�'1�Yc�V.fI�Mc�v�*f���%YN�H�,=�㧦�Ӧe���uL?��w�ݞ����Τ�EG�Q2&�I�*��iI����\H�'#��ex2Bʼh���X��.�6�kqr����愦
""q)Pe���#i�.s�����2V욦ּ�r����g�,k׬����նakm#͎ʘ�Ơ�G��Ӳ Ry�'U?���y�<@���h���U���[,ut.�� 011p����5�H��^�ll�C_�O/�^�jhh���m��1��u��#m���|+v__��LW}l���g���?��l'�K�}��$�c'_HH��C�x��T��U��T6����>;��6щ�k""M۪�Rd�LceST��h�I�M��""S��h�H��v:�ܽ�=���{�����Jػ3��*�Q�̋�6Ư���]�q�R�eBYw6~��ܑ����lyi��p���_1\�|K\ɼ������^�\/�6�7uO]�(���������f���	W6P6��T�|���*E#M8삭�j���f��e6-��#�x�q�������:���{�Bl�A޹z\]���jV�XU�S>PX�=��0E���X+��ޢ�bB�XrW��4璉�7�a�eL���h��E*��)I˒N����(g�1��9�t������M�v�9�̰)- ��Rj%��bS""�yʂPJe�Ivy���ެ�r0�X\����C���x+ p.��(�]�7�%��J�V�nT�đ������jL4���r�������8��aI�;Wޚ""SN����殸� �4�~��q�ۂB�M�����Ԝ�
�0�bK����X��R�J�Ve��(�Ѹ�{d�r���uF!���Uu�ܱQݦƆZ�DP�l���l��>M�P�L�&�� %��*p�����a0�R���@�/Uo�XT�zOk��
�-�S����9���<""1�C�C��φ��x�Xh�O���~f:3#3�IAf�
~����3G�9�L�S~r42�'��F|0�7� ����?�g^����	?CKS��vO4K|��C���. ���T��Ib4#8�I���
�tbr5�[Z�UU�S&2k""�7����L���8-[�c|�D���꫒T�ƨ��� ������� ���}��w��Wϭ����C�C����n�dc��ԲY��g��+�azx;Oi��x-z�B�R�""���o�N��F.�#��3�Q���B�P""��h<�O�`lձ#��d0i6*�z	5�8B�G�(&�����07�e""��>����_���&x��-jK��
�j��T�	�5�����g�c$���O�OOE/R�H]""u�bn�(ԭP�B�
�f��40>�cO�c_""�nk
*)�v�$�b�p�i���������E�l![x9W��/�n���X�#��b��.-Gd��7X�f�Iĺ#�>�-{�Xw��vj��L$9���L9�e�.A���/�As�'�yb�+�*���
C	F	&�Rb1QI����r� /&n%�&���_�Uae2���V��{���m Y�+����)�bX�؎��g��#�e�3�_�q�>5�A�p7���9[Q�B �nk��t�N���_� N1� ��""Ֆ(8@��ܾ�ӿ��G��l���!Tk���N""*~��pƪ^����%�����nך��p���x�����褄[�:���c��A:5��0#�ٶ�$���6o��\�M������c��bܸ�8>w�1��gf�;c{מ�ڻ^g�c{��n�z��6�ӥY��E�(�dWUJQ���P�
�J�C��i�m]!`UT
R%��$MC#�B)��9�v�,ϝ3w��=�~�K� �Θ����.Zw,�e��}�c7���{�ߥ�3��CV*Bd�z���k|>�9�Z�F�%�[#�䕷7[*�nY#��y	�:�+��Q�e����Wl�z�d��u5�o����I�H[�s����d�ca���s�,������I�R������◎S��˩��?���=v�c��ڭw����!im|�E�/�)�6&h��堤%Ͽv��'��Qkqt�ZF-������� Bõ��2�uL��/I����!�pttD��)N�S�f\ ���R��4�;!��I�!,L~�2!́���̗���G�ྯ����ϯ�~�M��݃��읝�]c�\_1�b�*��R6��_e����O��?����|ټP�""��X9~L=�3O���S�yq�V�)��^���rS����>T�j�j.X��)[	��=�5nM��lA���&{R]��iu��)���ǵ�̫W��>c@Ẅ́i�)�����<�$æ����=�k�+�ʐ?�$I���%��|����9;��9���#��r?ݣ+Nt/�=�XPf �S��S^x�U�U�SoAJ#�2�Fܦ�0QRcf<s ��c�8�������l�6���/� hT�2#-ش��c""��bެ�Ȫ�K�`��n=��~��X,*�,�pv������y�0.DY4n�Y�J���:����[v�Yg����6{�J��""��\ �=�n�͏�dٸ�Y�U���/c���V*/���������!��h/������m_�{oJR�����ƺ��ɺe��!l@I���B�D�*3'���#��M*e3_�ēVV������P""t־˶Ȍd����{�2�?Н����$\]9�b.�!������a�57;��K���4D��y,�f9��x�ݐ��̓<��`��f�֭��2�G;_����5�4:�bz8��������sw7��?�y$!Z����C��gR���ɰ�!c�=ӹ�Z��LF�/z�]X�ҨQ� �)�Q��g�Y� �!֋p?��#�a�6�c�����T�>�q�>�0�y�p�/AVpH����P��%2(�X�~�cc��^�U�d���""�h0M$F��(��*|�.����0��s%K���\�o;��c IUg��>\�;ˌˡ��s�e�q��2.�@����1�K���H6TJF��#I~Y`��-�	����nq���q~�o������.����hZgu��i{X�Ib%��J�V����Ӝ��.u�U'6��I�i�s���.$�<��%�|�L����7�+3-�G��]44�t�Y/�sH�7{\w�`�(�XZ�Z��7��kK5W#������z^�������ԍ�غ���m�n�t�[�����4�~���(.��&-�t_�5J�����y�ְ
�|���vװ��p�G7�C-�w�.x/�c����P�����c�M�D�T������_*Fǧ�Re�'!���c�\_��l?�$y��>g�� Z���ר����D��Ճ�OZi�J��F��Y^JM���>�T��]���?ާ�����>��!G��w�[*�#7`g�[`|Bw����^Hi�[����緪Uz��K�C+G-,޻!�#G�ލW��X4]�~@fGg��u�Y���q�];ĶZ�
X�d�-��+�E0��X=�\:8��F��N۹d��	m�k��""��f�Q[I6�r��[�Mi|iu7f|��A���IK��BԐ[@���I,vںd�V�͹J)�ؙ�B��.]*�%��k�L�n6����VCjCl@Ŀ�gǏ���S����ى����%0>{�{�F6���O��J��Q�r��*�T!G�2\	��'2<5���Xx|�B��](�mL�Q^�L�c�o	������<�ApJLU���W�(�~ �u����Z��J�L?5eAe ���~����6ÖO>����熟9w�����T����;�]��F]�^���/5���ܑ�b�C����8wVa[���2��ıgj>�\�;��nf2��֖�N;��cA�s�i:!�=	}E71U�?5?�Ɍ�m��_��9��?A�f<���7G�W 2/R(z����t""���HE�""=���8��9���50�!-�o�ׅMN�B	Z""���9B�\�s]X$�+�9TDg�Q1S 
)R=Y��
�
��x'�d����H
������y��{�.w�9���v�;�?�g'q����HI�V %E��J6� �`�D��v��h��V�F7u�4��[;��Ъ-""��I����TQ�&M�c�%�y^�!S�������=��|��S�=��mT��I_�:
�0kV�摂�����:���ߓ��n,�|�h�H*�S*�R%�R�R�W��D�����Y�2F^aY���z\���=� ���\����ņ��+I%L���Pi�4Q�-5��Ħ�x7W�JK%v�D�`�R�b�j�=���6[V<��,Yq�?��I��-�a�6��;�41�b'}�T2���ΐ�g%2'�4!��nH����eG��X*�[C֘5a�3֬5gq��X��^����ƺ  @h6@2ܭ���c�\^ Z�>-�	|:̅�H��5D���?:	��(����Z=N6� ��SY�Yi�Ri�e~��L�H�RQ����J~EF���N�W�N2������ؼ��;���Ǟt�X��/ux�z�V�xx�����pS*ef<���S���c�jjs�A�Ջ�""�2Y�>�Aez�ۺ�6�@D�S��P��Q��c��jÓ8��8����PZr)i��S�)�`~u�x���/G�����
uH�
$O}�<w��8�H�<��<�G������ ���+���}�{���c'��xP� �v#�Y:u���7N<�ԟv�m>��S_��]:�̥o>s�{���slS﹓X���w?}~�a��Y���M���Zâ�ccN�9|q
��S����4���J%�z��4����
&���xY��	i¦4�--w��Is�����2�J#��A�ݕ�r��@����5�x��jщ�j8t:{6��(�~��~������Q*�\�d�!a������^�������K�8^�#���=HsYٮ�U���g[HOKo�@�ޖ'�O���{��<-]oJw��=Ý#]�]��C
��|~л��f?H��d�Ġg���|��۔n�+aE\SX���s�Ɏ9g���������v�0�	v&A����KTK���؆wVڭ�
�٩*�\Ux�)o���d,'+�a�x�P�tWƝiO�ĢA
�p�tt���f0�*���S���(���D����� �m��W�eW(�\X�5p ,�.���m!�""�֬KT���~c�P�`аҊl�$�����w�M>;�jw�*,�u�?�$�Z�t9�o�:��C����B�+O�����O����頧u��#��t�����܁�vM�^~�pr���Ǯ�er��޲��3�~�ɳk؏dh�f�*�""�	E���KyQcdjB25!���f��*��܀�K@�""�OܗLk�5�s�r�3@:�ꊠ,�+��d�h#9�Cn�9d6��V8�J[C3�ZY�u�����|{�=ћ[�T숝�m�{�""#�Ğ���a�@�@�p�2��O&��g""�Ͽ�y1�r���s��?W_�����5�mX�������9��H�H��K���Vq��4K��fb�3� �La�F�c�=J�
DYK.����5�g-H�q�J�""����l)������q5V!q�n��ٿ\������n?�gx�<��P��y�w��O����.}��p�)�V\e������&IFS�n������]�t��7��$fɇk8��hz�kR�65�x)�^��K�ګ�M\�;��i�E$� ҪS�Y�'�D�45�k�Tc2�� F
�xE��3͙u/H��q�Z
t!\ATPؾ���nr�:���w�/9�n[W*�;����7?�?��?����߻���;���v��c;g�������Ⲧ?WZ���K�l��ǆւ���j�d2UB*B�]�3�-�""�Vb-�2����z����$|߳�f�����޽�r�����Y�o��y6�2�mE����co�[���3%>q��Oư�Dԓk��5�T�����KS�2V�4�0F��1�D��� �zJ1���q����bң�Y�-M���B]>��O�D�2И1i�|VCK�
�""D �!#Ц�w�һM6���ޤhs��hB)�tW������aї��X��t��%Г��'�DF>�Ge#JK�""��Vp��Ro����q	t^�����T���P^9��;��ʂ�dW�휕N�Y��g��Xi�T-y�RY�c��//���K�?��������L�L���!��|���s��O0�Hը��������D�g�o�w���c��1Ѱ�������g�Y�d�dZP������W-=�{�y>t&u�t��丞�@'P;*""�P~�Z(ԐQ�����`&�vI�O�Q<ء(�TP��6	l��*�z(
?T�ۺ�՘��p��,����r%�~�_I&Yc�eaRDc�8-2bm.붡�9�9s6�'���X�&��_EՋ�W��@{Sw��[�<|p~-�*#n����&��2�b3�,5e�@9��>�A!
�B�|訴4�Q��;���w�6i6At�`��}T~��D,�k�$��k��1��q1��1ʗech�,������|w��򽬧2��(���S�Cs�3'���L��tl��ǩ�� H�<:���	�T1��3��u���r��]VwQ�wi(&؜y�5���y� ])~7 %����+���K��Ah̫n�.����͵��Z�[(���:�����,�0Mt)���� ��9P4�*����ٌ��V�t�0����w�5���]>%��9�r��@S-�l���5��s)������4�.X�� =��|��?o������7>7������ϟ>���_��g�ۼ�$KJ�9���ɧww""�+�?}t&�hǋ?��;����{��O�Đ�/��oz��ʤ�2_&^V ���8�	�b �""V%M�P�

�P��9����U�1�Ԑ9O!/p���z���b��S��jz[ \�ԑmx���a��б��֤��D�Ca�+��ve 0�-��%���0���_Y8�d	|R¬���%b��x���ֱ�]�Z�,Jui��EN`0K� [�(����<��y=Z�o龹8:n�}�}���h�?��""��1ш��U�|1�M��2�hy����+����{*l�M	5t��X@˅b�\��Sy \;�3�N�V�pB�L+A)���������.��8�2������z���ff/��ޝ�;����XF;��(��Z	*Z��R��l^j�E���K�� �?�n;e�0�lD�t�䬘ݓ�""O�S�g������e�$_R.U��%c���W�E#<�=�/�b��T�ỳ~�$�D�VT�	|Rʊ��A~+�eBz�� �q�)N8шӏ�I_7����8?EN�G���3։�7qZ9�OM�g���d^���K�`��+�Uy�P�Q���(��Xnؼ-�&x21͝����{����x�^�[��]�� �^��J��L� l�h* �Rn=����e)�3��O$:`lF1��n���.�Z""{`�s�Ҝ2�b���\����������v��ٶٙ�;>�ýh������L��'r�9�Id:�<}�KHSW��-C�É.�+R�68���B��LZ} `D�f~��ѭ�&n6U��'����r�}'W4+�	��kʟ��J�.м�l�FQ1�{�=�����l��E.��\��Ү�s��`����������ܯߑ�A��6�,��M:���\ U:�rʝk�������m�֧�Ak +ğ�߃Ò���b�L�mmѰ�n1XX}4<;P[0�f@��(���8�K79W��TƟ�@�B�����
�/�U��襥d?��}F�n��&��h[=��U��5���?,.CQ �m�C�a�_�kh���&�߁=��r*b`O
C.� B���K����^�M\�!E�i����Kg�Q6�Z#׆&�9���smO��u۴��%zvh����������9~bY���n�	�}��=��v�\;�+�T��H���	���)'Icc��I�rR��k�UӤ���c�cc�f�v��}�ıa�����~7�T�ޫ?�����V0�l��k_�""`�(�m2����gK 9yx�����#�Z-�����ַD��j�L���G��@u������vh���E׿F?2�Y���Sh:C1'�C�C�0D�m�^;(z�;�{���� p�;*WG��z����;Q��
=���t�v>�\����IC��##�ȉ��6*<~����Q�O��~�7q�q����vW�]YHZ�eY�-�d�§�M��s�������6u8��6@CӤ!��5N iSLCӦ�)�iCC�pzd��ם�`�oee�N��t��[���vWz�������&�O�Iހ�)�ʣ&�[Ka�4ϳF�����ɞ�g��9����X�a\ǯ����W;��qۅ����vǶ�^a��0��.�բ�4�#
�~����M-C��T��e����_0���@� 	��+~;�\_mx��yR�H�n$<�ܰ��))�ݦ�U�tS��@�6	h�#���+x���p��;��L$gvgR��WQ8RA[a�	��p��Eb��u`d�a��iMS����@`<��=��|U��=�	���U+� �;��E?�zp�����2϶8e�tH�ݳxHV�'+����0�X
�X�('����9r�|'M�e������JN�W1�4�.�	3�'����6�R�e��̝6E�����N���-�nm��35�/������9W�GoЫ�=g��x3��*>6r���f��n���h�$*�ł�:X,יi�H���\�&sU֦��C�b�eJb��Y��Eu�J�b#z�T��h���L�J���ɓ���4��9�<����C��(��:F��l�1�4C�(FFzI�_a�X�FD�ưBFrQ�|��	�:�Q~76-�ND1.ni�VbJ�B+�|]1P��Y���I�f�514PchƢj0�?��F�*���Ǩ�����Vd���.�Tm\�&�4v5��BG��QE.�W�˶��}c7z-e�Ϥ6��5�1��j�@�������_z͸)'�g仃4�����:��l��l����������m��q͍�,9D���;K՘��mF�Q�e�[�S+G�����`|F�������F��M�m��Q�k�`�Z@c��2g�d�!���U��ܸ `g�Zf�L�����0�Ġ�(ԧ<�B�5P��.vs��y��Y L�����f�@����!���u�|Y\����U��^P�
�� {]�N/�w*���(?��%YrI�-�} �Ka���\@����zk�?���^c\�+���ׅ�r�:Ct()�c8o^b�e���i�ͪ��-Rp�T3�F������;�Z筐�7��Z��S��mxj��{�?�t�`�X�����ͻ��E	AЋ%��djK�h����
�9�U""3��9�j��H""�U""�7c]@�8xo����e�mX��s@�@� �""����@�_H[`�ϙ�}�� 
^���c��e\� x.x_���� p�6! | ���p:@�q&6T������ߝ��o̊���-���o=�ۺ
������s �І�|`�:���w;>��}]� ����x� O��~8��;�N���	�� �)������@ �@ �@ �@ �@ �@ �@ �@ �@ �/� �z��V[Ȏ�@�_)J}��ߤV��xA�%ِf�`2[���Hwf�2�Y�loN�/���Ñ�haQqI�Ĳ�ʪ�X|��)S�M�1�+�f�I����7w��-�_�tY��+W����֬]�~Cs�����P��-[�m߱�������Fף�������O|s��o=��� g��G�Vu�QmVC�ю�\G�c��s�s�3�9۹��\�pE�:���TW���k��uט$�dOrj�1͢ٵh-V�ג��Z-M�ei��m�V�-�Vj�Jm��G;���k�4�@� �H�(w�{�����RcRy��O<�<'<՞�֊1c�`�1����s��/vZ����-?jijini	%�&�&�����V�u8��s�al�)ٔn�h�6X���L��6s��WyMy]��LWf*U�m�.��fq*V��$�!1+�<�I�U�P5���5Kݬ�SϨ�&���	� }��C�b���K�5�`}������t��X_Զ�Έ(���d�f�ddl��_7��{�{��b>�=��H���� ��}��L�ťnF̩7ȼl�=k��|�-QvP��A���7di�#&��^~_7�am3�v��wYi��2�r�b�fM6�{�f�m���}t�-��n�V>�o��=����l��gle��zCۿ�gk�������F����M���#�p(��r!Ja9,;L5@N��_�t�S��P+�4A3,��p ��*���<�`쇃p�8
W!N�q����g�3���j�\?|
����7a���-o�;�7�;L�w�p�	�=���[`L��!>�p�a!�A�&4��\,�yX-BB�Z�K��c9.�0G�\���.��Ÿ����r\��W�j\�kq��pN�T����	7�܊V��6���c��Kp�0?���;�4�w�N�w�n��XXk�3v�/q�a<&`""��}� B-ԡ�t���<���0��x�05t�q��x��TbW�)���
����C�h:��ʣ��O4�fS!͡�J2� ���<��Y|6��^��>���؈`������|_���p.�>8���{�2����|%_�W�5|-_���|#�$ceg�E��x� �*�)]2I&KM�eW�͜o.����E1X?6OC�O�O���K����""]�J�,~-~#~+^��߉��0�{��G1\�#ͳe��.{Ȟ��L��eyM^�7�_ޔ}�3���.r��'f�|Q f�٢P�sE��'�E���v�v�V+JE���V/�[��d5C�=�6~�^l�;،w����{` �؂!�idQ�������)�g���p��$�0+��fgX$�bј�:�N����:�.,�ų��T#�f�.�ϰ$�ǒ��ܬ+��RXw��vE��ߓ�.��+yK6��b?��z�T֛���:����8~]�|�q>�\�9��%�`���=� d���t���}/�R�%	ْ,!�v�Tb���d'Y�i��q��_�?���YV�Ub�Y*�ª���V�.{���>`��6�c��6��R��h6FmW�j�ڥv�=j�ڧ���:��#�:����:�N�3�OuV��Ω�ꂺ�.�+ꪺ��V��?ꆺ�U��muG�UꞺ���G""�2�C���z,��Dn�Ge�G>1�W$�	���i2�|""�( EA�D!YrQH$�¢�)����ܔ��R��T�� %Q!J��T$T��S
���T�JSQT��T����T�*R%�L�T��R5z����""�jPMz�jQm�Cu�է4j@�s�Q�P�9BR�CCM�)5��ԂZR+jMm�-���ԁ:R'�a�������j�ٿ���^X?L��{�޲��{�f�{�>
 ��BHFaq]\W��uw=\O�+��wc܇ԅ�R7�N=�'��g�?�,����y�C}��7�h ��ED/���
�J������Ƴ	l""��>a�٧l
��M5���l��f�/�L6��fs�-s��5�K3�|e���Y��>g��}�=v�,0_��f�Yl�1K�RQ�n��ٍv�Mg���6���v3�·�|�?���D�)��O糲��5_̗�e|9_�W��z����|��fwڽ��=���{�~���g�9~�_���v��d��mv��e잨&���2�Yn�L��<2�M�=��,�=d��c��=�s�9��G\����!j�Z�N���HEc�T�m��ӕ'���Y�G�ī�M�""���P1\���{m�'&�Ib��""��ib���K��b��/���;�J�?�u��1�P��.�����!qL�gyqA\��-�!2E��2�4�ɸ�)��+2A&�$YH&�²�,.K�R��,'��TYQV��duYK֑�dW��l(�Ʋ�l*��沅l)[�ֲ�l+������(;�β��
_v3+�����57<��?��|F>'���fm�""� �A� !H��bAJP2(<T
�5��A��Q�,h�:݂^A�o�?h��v�k��Iv��b�ٙv��g��v�]j����W���%n�[�ֺu���mq[�v���y����QRT$J�JFe�
QjT3z:�Վ�Du�zQ�(-j5�E��&QS�u;�N���v{�^���w�Aw�vG�Qw�w'�Iwʝvgܟ��˝s���3'� ������2b�b�cb���}l���|�t.�[��yu�Χ��:Q�I��Nօu]T��u�.�K�Rf��ev�=f��g���9d�#�""��.�+(��&�[�}���t����[�m��y+�U�&���m�ƠJ���eQO�o���6搗���x�ق
��J�����~�=�GTE5<���:�@M<�Z��:��z��44@C4Bc4AS4Cs�@K�Bk�A[���=:�#:�3��+��;z��#��;�v�=��?` ^�����2^��x��U���[x��]����c�b�cD�{�5�l��H��h����c�~������/�0���&�~��~2�Agr�x�#��
vۋ�R�3��*�(���g����8��L�$"">�d|�)�S�9�a:f���,fc�s�%��+���X��X�����%X�e�|���+�=Vb���k�_���?a=~�/��6bұ[�;�b����N��n���0!̇}؏8�C8�#8�c8�_�/�W��a�8��x,.�2�$�ԛ�/��Uqƿ���!�7��
��a�#!$�M ��,Bx�E���{C�lv�}$ME�sjk�Aj���z|k-J*� yi�`��TEk[��in����������t�|����o�7�ާ��0-e��b6���%l)��u�Z6?Ph�3/2K���6���@s�9�,7+�!f���'�9ќd6���P�ʬ�~Y {�B�[�9�T��*T��LU��*VJY�\u����u����@]������g3k��fМfN7��fȬ5�̙�d�ќbNU��ӌ�g���[�V�SϪ���j�ڠ6�.�ImV�S/�-j�zQmS���S��v��j�ګ�YX��e����گ�?���5ŚjM��[M�+dʹZ��u�u�5˺ƺֺκ����-+g�[�l�����zM���7T�:��4s����v������������������66����m�vc���x��e�6�{�}���+�a���8b�i�e5�oǁ?c�73DH�����e| P'""��M��t��lq���d�4yAl[�(/�]b7�)#�""�J����W�!��^�$招�U? b}�u'l�����%|���y���:>������I'��� Q1��rm�J��F��8���v�3�3^�d���C�pY%��Z��a�F���2(k�u��x�U	� �U�	����6�686��u�Q)*��T�-���{�O�O�ry����O��?��˕�� �/��'����O�x�y�,�������E���d��/�,��@9H�岂�_=�7wI����Ԏ���L�<��|�""O�@���~л�t��� �|��9���4��\�6�ȟ����y���<�ݝ��OA1=N��(�5M!j!����Z�:)�qƣ������<����8MM����,e�����xG=I|NR=zs�������잱3�;�;=z�������g���i��K���!)�j�Î�#B�y�I赀���c�lLnb^�/���˅�q�����{��|���$�j�J�/^������89HE��i�Ϭ�D��f'��Kx��ͷ=	��`��t�{�Ggd��π��/uv?���ff���6o��)�X� ��e�L\a�K�&��n�^���J==��uAj�uc2��v�l=>�N%��l,���c�q��ے��&;c���h�6�z{N���SSv""�Ι�L�:����H2ՙv�hW}p�.w�.��M�x�Eׇ�d��Iɖ���E3��PK,���ӜL�q�9�X$�y��I¨�$s鈍��lG8m�\""j�u֍cbHO�E�D��3����9v4jGu�4WG�L$K�z6�v6�gjfM�:k�̪P���L�;��m�Ĵ��/����\��:�G��p�U'��8������F����j͢�X�Y�q&U}��8}f|zbL��1��\D����������S�||������>��WR�a1a~.|��n�q�����NP�^B��5]N�9%~�3��((c�]N�q�^&&CDS��t�~|]H�A;����I��J{�9��\��2߈�=t?�Y-��]��`7O�et%��_���v�~1����h0�;�*a_��z�x��i5�afA�7y_����t��R���'�Yg3h8�z��U��b�YBC�]�A�V�16��5v�
z�U�ZBͣ�)x:u�(��ޡ2������ᴢ���~� ��:���5��%�+a]��q��cX������.���+��?���Mt���j��N�3�Y��W�����G��l�=�l���*�Ql[�g�@�o����Bx��>A�X-�5J�d��*Q�i1��V�Ӵ�5�kX����˜�>�q��PT�r��&�8ɂ��>�g}�����ǭ�0J��^�?#����P T�y,�ނ�w��""^���>���5�v��o�}i�*߫b""�nV�{=������RTR5���Ν�=�bA
�;�n�;h�e)��U�{#m���:��
+��1XoC����YΞ`������W}pT�?���vC�$!K�-��4�\0�a�k |%$�������8Xv�4�:mGgZ�0h�طPq��E��Q@+�XlN��Nq�Վ%���6	I������d߹�{��{�9�>��10]�"",�b��x���⪜(��N��'�R�Rg�PCu�qOwW�s�~}������RoQ�{�����������T�ر�:����#���O���,]rt�����B���Z��K+�P�� In�6�NN�ü��Ϗ���ގ��|�<���=�	8���f��&��B�4,��D-`�����m8����o˱ҏ�0)��'��%yQ�KJ@)S+k���.��M��+u�Q��C�K.�k�����/]W]_�]���F��E���G�z�~��2�|�:Ny@��^����a1��������ץƗِ��n�I_�-�V�����jP��^����\|���:�W�����[dX��E��xe�z5�%
����xY�_SP=�=�!�&i�1�zp�;�~z]��.�)sԯ�vZ} �.{x�����.���y��9^�L�B~�O�k��:�q
��g��S�(/y8-S���(�I_��w*�b1�W��^�r��#J��Y�,�N��;�J��i�iD�<�
i?��罧숭��v��� ��Y�^�� �Ƈ�� 9�I���%�+�͈�+?ex��HD���E���XxV���5D�j���g7�4MWl�^%�Ȕ@��4�z�ҏ]ϩh)Z�!x��hޜ�`�""Z����""�V�8�[��1ϰ���s9��j�
�w��	;l��o��n��0ή��eu�]�ak2�5�S��۬c4�:ոX��(sc_���=z�����2⑟���п\}��bg���z���S`�F�� c�v����ޕ""mE%�V��j���dΥ6k3""�):�V{R4I=��RZ�,�;���u�O�%�w����pn�m�������ȷ
��xQ��@�1���ߗ!����c>*���_!ϹY��=Qdˑg��ԣƊ�:�z��XI�N-�bڐ7������V�~v�w?��!#K��yR'�@5�(��D��3z��/��Ge��n�j����eT� �{�� ;K��� �}�]�5�c�jbپF��c*+��""asN�s��ۜT?g`xB���P��x3�x�o�'l�-hr�a�d��k�Ꚇ�1}��������0�2`pS��RKu�^mC�&�O�G�H{�
W:�c�1��,&�ҙ
��n`f�˳�R�.���3�8�Ca-jzU��x���?�X��Q��氾=�����EC�C��3$V�Eu]�a��E�#�kQ#a$3V�Q�<��-c2ftD�ǟ�Nvy���86���Ҁns�9M�_3C�4;��pW�\U���ݧ�Z�H:Hy��D��%i��ԤC�gMC��C����,%��T�b�Qȡ
�j�fw��q���G��""J9\�!8���C��15eD���.T�,""������r��TVzz�t8�s��j��̶4:u�P��P0�(T.*,b���r�����s{Ә��!g8�^�v;3��I� i�R4hn���e7^s������_H,��/�������8��	X+��N�����XY�|����H3$��s��Ok��R�����ਪ+~޻�]*i�$�%�ay�	�wL��XHH��@ 4@BB��c0���q�p+�AG��e(�*���V�3�X�2j��
ԏ~Җ�b�A �������X�Ď����r��9�{�9�����'|C&�����T�=�顃_<�k��Lv�(��$;A�26s���E�,���U�8�xG�)<�рĞ�hoj�G�7�1P����U��:(��2��1-�\)�&z�J��K�&o'�^j�5 Y��H�PB��և9A���T�i��@�pu��7VK��0�w����}7U&�fi���x8�P`�Yf��$�H��EÍ���¯��v����;�-Xέ�jJ_�q��U��)Ώ��QxbX<#���ˑ�Z���	
��B����	ܫ�""�q�Ɍ���H����>��[���R��y�*��'h��&�_�$o^��ؾ��y�Y�� ��,J����Җ�`Ѡ{`�Fdj�r���TvTyS�>�9���؉�~�Z�����۪V����?�/�������鹡""W����W�;�
9r���RZ��m�X�'�2�mĔ��R]t�{b.mՈL�^��ʍ���T��E�$���&�kЯݥ�H`��0�B�*`)� x �o��p!vR�o5�'(���X���v��k(�r�c��C����|_xOX�x|c%_-�6P;�g����IA�t ���s�m�/^�Z��	vT�}���]��h�� 3S�YMhC{|3��@)�.���`c3��W�릁�:��i%����tX[DYr�'�˼o޳�'��m���>/l�$�V�ۮ���բ@��g�O�ݴN�.�6����;Mc������L�|9�?`c�~�
��#%X�ӴM\��E�'7�4[���B���1L����ߔ��8���W#�i�v���.a ��&}d�g?t�~�Oֿ�cz~��X2���]����y�m6 FF#0�]��:�c�;y�( c����p���-.��;$�#�� ��$�p��<�;�c`ǃ3�2�O2f�7�7cv��Xm�@0� ��` �c�C�����A�-���g*J���.��1k�ڥ҆R�G�	���p~���ɾ�sw��$�G&��o� ��gJ�z�r�ԸL�NmIs�2ù�����X+�I�s�{��O�I�zQ��ޖ�p7-s��
��ŹGp㼹v���V����ϟ�A/ZG�<�p���4͹˲�Z�~һit����й�L����p��f���w�_�w�4i/�!��d�{y��YW�Z#!�KG�T��[Ż�s+�M�~/v�;�T�S��""�!���U�ϥ��!��y@y��74�'�����{��޸Bi@�~���gS�{5�=��Ʊ��F���E)CS)��R�>��?pz|���٬Ӹ[�l��)���3(�П�""�oʵʩ���^k]���K��)��nC;[��vԨ|��r�G@����/k���eY���|�>�����4�ȧI-���(������+h�,�>��1^�O����|�-�^���cl��7l���t�D�~��K�F���~jS��:��I����""�+R�ڭ�o�J�#��!��P���6��W�W����$�c1�؄�_�k��,΀o��A�:�c��2��Y�5�������(W���Ks��P�z�Z�""��bG?�ͪ�؏��#�@��b ����n {��^;���v@����Q:��`ڴ�Z�I��>�-�~��WX����{�Z�� 0I+��-hO �p����m`+tw�1��P��x��^`7�;��3иz�:vM�y�@�dc��k[��i��cq50�,�&�y����=�<�d}|3�>����c�`�8Xp�r}����N�g �o�v����N�q��zs65�S�ܻd ��ܘr#��O@�� ~�E��b �ZL�F!ޜ�����k��,�L�d^/�j��^D�~c�Aw����Ǹ�:""@�j�x�� ���-���������?:h��{p�}x�� ���q��B=�+�ϳu����.��|ߦ�q��`����;�s�7��,u�3\z�7�g�Ń��|k��3�~K@���=����R��/��������~��c��w[������s�3�_����Ｈ�{�ԭ�e�l��*�8~޽�ݗ��@@�`�$	�� 	��)�""��J�:heJ;Z���Jm��H��6��U�R[�tZ�������AE@��w��M^n������ݷ{���8翹�5��<���is���^bO1����rg�kX՟/�\D�{N�`�P.��sZ[���vrڙ.�j��9u�cn���c�映$s��^��ҹ�����O�����:�dF�JR�6���ӹ�ZN�S.'tI\N����ދ�L��4�8w���-�m��?�!y�Λ+3Gcs!\@Ϊ�G�01��a�;�N�Ey[ee��{�p���a/I�&�5_P��r�`�m;�1����ܷ�ϭ>d�l���/�p)�oaQ��z�d췽gE���6G���Ѐ�ڋ�۰�reb��<$��7qy��B����/�X�mی�1����w�:�dF��,Ҙ�a�t�2&K|.�܋���E����p�֙[]��Y��W��^1ǃ%��D���G�|�y	�ۅq�ٺ�'6/��~RW���4���W��B?�^�ȟG_ޟZ/���)���{� �Kyf��ADUf��=�Hm޻� ��@8D
]��yUsb��)5�en&�\&���ߜ���zzC�����2�Ko�^�ρ�\ޚ����~޵)��&�L��d_Փsc��������:�vn�I~�L�9]s���W��n����c�'����6�}T�f���1ʣu�t/�����d�:#��d��#�w�4�و/�-mE}T������J�� j�`�Բ���N���	���V cdR�Ȏs�)�9�nZ��'�)̗�������������9�/�]�h�;ر>�@��?�?�9n��qgk�����߈�bM�����ċh~l�p��	w�~��n����%=P�����`%�|+�R�*:v��>�:��������/�l͓ �����z�=��pLI����W)^}�'����4z�n� ��~��G�O�7�P�F��""y���1��/���-��64�'��MI�O�'����%C��eHl�^@�o��G������9�j��Nky�I�7ón�����9�B�U�激]�z�Ow��L��?��û*�w�,�@�X+��^��I��%�4���I6��1U��h7�����͉ d2��\)���xtƬJ/�b?k5K���`�w��k:��xy#�kb��)T'M�ǈ��Z�g��9���/��7I�t=�DuT�:��R����9=.�~�P�)Ӄ��dzf$�6�B�g�X;����O������A��X[�553a	��O���xCc�Lsgi*�:���pc������:���6�����7V~D��s��թ̭��[��^��=�ԟ�Z�0{dj���d;�>�8�H�Z���&�q*����|�����H��Ɗ�m�խ�V�k���9k8oI}����e;���nb�ӹrR��a�� I�̰�pg8�-B2��w~��{����a�b�(i�e�ڷ@�=��5�Qs�-�����G[��2�;njJ<��<��w�o<~���]��]�3��m��g�u���]����=v�����,z��:��g>���c�E���f�ƾ���ld�K�&�E������y���Xh����g�U�.D�O��H�����(�+q��ۇ^�bA/�-yb�xM�S8���i�g8�T/�Q�d�����b��N�!��zY�x���~Sg��	�s��gU��Pƻ6:�]�ʐ�]T���n|�mcpZ��J@7��e���=>�\�����ü�rnp���V����ga?mg��r�a5E�G���7K���14Q0��h�Zl>Dq���I�oL�""<�Ks��;��ԡ��y��)�s�n�f��h��VH�ԃp��z�?c~���IX	�Q�	����a7�m��PV�SW��n��C޷�S����	S���)Q��*��ŵ�-io5����FIZߗ��k?;����m2��e��˱��ˑfG�̖N�i������[���w�FS�����U�e�e����gӡ�V���c�}���`��/%�����g�\*$�����u�ϐL�Q|�!�%��_$��.϶�����Q�}�%[�w�9�5n�U�p :��j���}�T}b569��ױ�=2ū�(�S�zv�_
�3Ν�q|O��+�W��e��땘�4�+ؾ�FwRsGt�5y�C�m2TI}j�*9�ʙ.wr�jy�m^f-9��k�F�`8������7Z����T�x�����2�YʽR����r�������}��	yAJ �@ @	�02ȣ^""��Vj�qZ�� �j;�(T��0<�8�Tkq�:�ЊZ`ƶ-T����������x��M�3߬���{�u���[�*l������k�-���hE�{�ֿ��ɻ�|����K���n��*�[��g�Qp�
��WB�6����zL��""Ʌ����T�Z ����&z�-�g)���}Ku�������Љ���~�F['����m+���i�!WRk4��X^Q�9�""��1��rQ^�;ɢS��|C��ɻ�,��ݖ_6���x1�`S�Uw��
���.�~X�rp��H��l]v�楾!O꾓YG[��~��*��I]kZ��*�I�
u���iu}�|�z��&��:��M5�9%��5g�S��i�fTs-j|{>�zjm��=�S�kϑ�䳑f�dk�""N��R���9:��L.ս��76��A��v)�^���u�{\�M��!_���;LPoӭ76��{fvHw�2jC�� �Cl&��ֽ�k�c�����k�Q͵�aAg4m2'?N�t[
�g���N�K�G�%��٦ �S@U""5 ?��F���[� �X�����t�(����Hw�T��������e��,�=�,����5���	�{X;��{��k���xg��?���/�b����ߢg�����u�t��?h��N<���cR�#��{��n�F?�㬆J�W���!���['1����:����l;g��6cy�ynѵ���@�I�W��d�I��'���'}i�#�-�������<��E*�K""6����j�/��W*��I�d�T�a�thlS���Bh�Sa�;	Ρ�@��>;�z��)ɱ�s�=�����������]�ص��{��|�>�q���`��]����ɮ�q��3��?������w��mc\�x���{���X�N���އxv�7
�b/�*��6������??�w{��w�3�Ρ��WK������Y�W�Kf�g:Ӥ#�.��@[09ʧ����w����orO�����Y���悬w��+��)P
�|��.!��������v�Դk���������i�t��� ���)�G�s�î7R�ٕ4k�V�n=��4��T��WM��4k�C�y#�yokpŻ\�ΒJ�T��*M��x��w��rbr^^
V�M��5-�eߛx}�-!�M�r�j��N7o�t3�ҕ�7��H�����0�6/J[#9s]p+�:�n���z�_���l�P�F?��J�5�����(cTס�j�s�@���S�ֽ%��@)�Wm}rB:��zy��m�A��u��ޑa�i��W�j�˚g�̐��C��2~)�+�ܳQw�Kgŉ�JP�c�$� �R�Xmh�B�_n��	ڃ��E������F�I��*u����q)6���O�7[h�gL>��GˈMG�j�J5 k�M���SoT��� ��pd�X/�M�dZ�C̣+e�Bc�-������R_�3?��W�T�]�_�cK��|;)�V�Ľw""�~����O����V��E8O�䧥�㥖K�Am�6]�NL���0�Ƥ�#��'ateP��ؔ�
�� ���^��{A�ܙh�cV�1� tF�n�ܗ����� ���|�`~F�t���ŧ�
�	�5/�y��{e��V��Q�%3E.9""�""�M�#���S����L""ӣ{�8ϊD�JC��>p����2��r�j�]�g�.y�'���u���bx27����8���J��""����h��ۑ���Z��-�q�=��z��\����Y��Hr""S�������Fk$����ux��/�6�<��{ݶH�΢�v�=�b��@��d yg\����5�+�Lclhtc����p��^���R�fa�H{o��Q��?C��.���?WY���Oȸ�i�g�n��j�m��;r�3� ɍE��z[e�Sj����=gz�27W�s>�y^-�N�]��q�+R��[&;;�g���!�.�a�S""Խ�4w�C�ײ~�?2��u}�?�;2�ܴ���~��?�bK�/""�.	rA9�
�C������\�G��>L��d��Jv���}�|ڏر��<Ɍ_��/H>�e�X��*��^��ںGɊ���x�Ev��{V�@/o����ڈLн��&c̟��	�9�Ϝ�{iw9�T�J��?�X*ETN)>""�e��
�z����Q&36�������ж""���[sCj^�,O��w���/�>r�Z��
W<�|��5 Z��q�i����v�`�i3���Ǝ�����]ⴶ����s�9�>�sϽ��3�+��_�_����""�n���)���KC���I�#򉚤�8�q����q�bo�z��\x�8�y��oc�""�C|�;""�ÏP����<-J�B���G��}���/C�<�]�Îc����M��>F ���8.yg/e�lږ!�p�����	���C��W�DO1��c�D��y��0�x�͆ߚ(Ӟ��?A��*�������'���e�L�V�M�����s��� Q:��u��b_{_��>Jļi��L��X������F�~�)࿇n���G?�Q���x��>p�5:�#�*F��ؾz^�k8C�c�PN�yy}׹ }W#n?�_z(G~�s/Σ��`/��,Hj���c7���F}��1��>��'F򱃈��'�sb�\�3Pn�_����^s�����A�>��k��^B9�79��2�5�7E�]}/=��ێz���]�Ut�Cn�{�ް/S���CXx���@,f�wQ	����}����g������.3p�e�s>��y�<�;0a���R\���Q���2Ψ�\��W/��v��6�࿌�u�6�+tյ��<��I�3�w�����dǨ^Ésܑ�8���x3%�
�O~�Zj���O�Vx�]X���mن�:B�2�|�����	1߫�l�����{o��V�B@.Ǻ^F�5a�D�h�&d���3m;n� }HN2�CA��?v�%;�2���Q+��_(���8J٤������ˑ���ӈ��*Cr��`���ul��8p��udX��y5�h�?/���UX�?�
k�t���Uc�f��`���Қ+VUU�����Bdv�4����0�9J��V��9��!�K�-)��0`PP�1�?��N���b[��fX�d?:<�K:�wS\s""�:�O�v����K�p��fy���>`���u�R��%rPb����6x���2��ɍ4m""�Q�Kr������y���3�O���~B�:��%���g���:�%�����mK��n�(O(�\��(�Ci\��#Tȝr����-��N+ϫר3��T� \�	�w�s��\'٠꘰�۔��t��6�J�l�x�X0� ������w��AG�KZ��`�k��cf�[n�
�lCdA�_yF����r}dj���~-)�<5��l�Nk�E�RX�.2-;�a�l(U��v���قWl}�l���/U��RjsQ0Uu]���e��U��s�O�8�^=%��j���P�\���l� 6|m3���K�A���A	5p	�1p;jnعa���ReM#�ؒ�:��L�a���fA�
i*�r�&��Z�L�L�LX]2��=��@# �l���N���5�C�oj�	]��_}�F�D�H�=E""���3@��Һ�����_��5�o�流��H�*.�k>���	k�4�;��1��5����$Z
T��1�p���@����(�YP�б�_��z����0d=2�!��X3�H�=�������<:��	�-W�m�n�g��U@%�l�tQ�Ĺ���U�`������+���C�4�3ef�hO��!�1R���xO��4ݭi�����Z�N���Z��֜��QH!(�i��2��̆�Y2��C�G�������Dӥ����y��<�v��y��F��5�|,��MǶ0�tM'1�hZ����$e��̕ʬPf�F�*Ms4�b*nwW�)錸E��IX�""5H3�!�{V�I����A�Z��ꬸ+�m!�X��*�!�.jl\������	��]
��CV`ۿ���Q�f���M����E����h�s˷��|?Ĩ�ɧG}��C����{��m�
x���l�,6P���-T`�L�#.Fϛ���7^d��U5-o9�,��Y�F=����#�ɫ��N^=�,*� ��,q�:��ӝ�4�Ǖ�Jq%�\.���2\�J��ƂŜQ���1���`j�.C���Yg�-��:�[^�(��:c�
�/����tL���B-l�
ZބeQwV8ma�)���7�yGw�U�.<��/֫ �m3
��~[��lv[(���#Eà��[+jY�2����;H!`;���dY=�Pv;$0�5�a3�C�ƒKKwۥ��F��v�`��.�{R����`?�ޓ���{��������E5`%s�֢�jI����T>{��G��)�ud��!��}�6���\�����z�n�q#���s���c�s}t��O�r���8O�����(\d�@��)QPF:�e��2�Wű'�����OPu�$�Hb-A
�UG2���Z��EF,�z�yB3q��<���������}%�K&ڥ���V��v|��y4��y(=��Ñ��������t�>��8]�i�NЊ��sS��6r���!�������D��F�j׎6U;7iwN�;H�U{B:��ޤcv����vԶ�O�ê�F���sU��b�*����.�c��b.s��q�˽nQ��Mf��W�?��9h��¢o�����=reQ��p�""��%�~4�Z�[ �
�B)hR�ކ��%ݻ��p@�?��0}F��N$�}|A0Є�vJ�� �w��F��ּȈ'2[�O�}��3?h�M��o�R=����Q��ִZ�6J�ղVΗG��ZԊ��(%��&��Q*��_���#������m��t2}���T�JO*�ʮ�P�X�~4�]�w��P�t ñ���Á����-����%����S���m�dVdeVcM��m����p�*yeG�/F�c񙘎���3�����˼�������>/��;3\K�[""ˊ9qY4ź��g(�� |Fa�`fgx[�l�q�,��2>>_��WQH����r�V @���9�%�O@�|	��w�)ΰ+8�-����7��J�勥��""��;�%ި�$�{啹J�����+�7�߀4+�R >stream
H� ��}߽�~$�{��	� ټ
��#�Pb��""XV��0DR[��c�l�1X��EgZ(�-0m;���tJ���h�t�v�b����н���s�����/  8�Q���+g7��{�a��=�۳n[��?=��/ ���W��9����� �n��M�Z�� ��'�ܾi��?�g���ڷ�w���K�ީ���>�����^O�d߶�]��ω�~����z�=�2ŎS�_�zwm�\,�$�����6Ď|F󟛠��l��1x;	��������6lg��P{��� RTڝ��^�������KX�BH��KLx�S�
�������h��C;յI2s�$�	w�FE��&M	���Hp ,*��h1ݟ3T,""^���N�U����KM6�\�Z<��c""71U���D�mms�`����ܔ�NW�\e���͍~�W�8�YQ�^��w��e�9Q�k8��mQ����?1x�}���g���mش�� a	C""��m\�fwi�DS��e˰�������*f��0t�6����̱0K�޿�GO��R)�����!,��wt��b�\tt�,�=.�H}��.7C���S�Y%��}��,����jE��u���3�C��3�΂��'��Lf��Y��(��]�ˈ����t�_����o�ě�����ū̀a&�����|�~2�[C��JWq��Qܾp��*ɿ\R/G(�'0E{�_���cm<K0��ԜLNV���l�[��je���gr(F���P@�63+��J����B&�	�F""�pV��^����j�������@��d|5=Mٖf΍�_�x�Fvk������Ei3v�hU���u�̂�?��Üť�Dk:Ԛ	��^Wk}C�Vf�\=������-z��ѡ���1\?���`կ�>-}�_6'��mΒ}�D��T������*;k<��+:�=
~U��c����G=~�L�KIU��C��bjNg���u�%h����7�2���,�-g�8�_.7�K���l��n'�Fs���K{m�%�(g��4Ǡ:�^�/�M5'�]���;u�����/�tԥR5Ke��'���B;�	�(
7�O�_��PmN`V�Ն E���a?�G��jS��9���
�@�Ө��.6GV-�a��vJ�	3�&1iL���Q��+]��1T��ƃP��܀v37�51����bf��զG5��v�8Ʉ\dme��~���Q�)9�ˈV.OG��e�qR�ކ�Ϲ��6jjW��@.�h�)[ƪL JfE�a��(tO~��/=v��o���n�y����ں��H�q�n~���B����'���F�LǱ������6�2Z�!k������B��)�Zl�#֨X���1,
�ZS�`Pn#Z9�-�:�(�ӳz\8/0r4� ��2�.O�� ��5���0��0u۴of�>�>�G�n=�O-@w��� &��""��UF�̍��hߔM&[�w6L}҈k^�a�t�5f��{ﮋU}G�hi""�,�(��9�<~iϧ{Եfŗ�j�]�85���+��.�3������;��Z��_ӧ{��B��;�ЮJF0�,i��M@|��\I�5�b$�Ú���og <+X`WF\�X���^ۼ� ���;AZ]$-���J��E�8N��&nYj�#)�'��F*""L�S�t�j���C�E�*[:�O,	�#����޽�#�ȡ�ɔ料{��[�)�'Q�y�i5���ő�߫��X�腫��cϻ_����M���꿼8�Y#�E럹6Ti�w��<���q�?�|�|�Tʦ������d�5�+ ��\��n�����]0)\�� 4�B���\Wl����w���;�w�y��~9�َSB�!.P
�B�ha1,�ʯ�#tj�iX:���Ə�v�JI7�P1 �i��ҘD��k'MHm4�Z�TF�!��g�.��|��>G��}���7��͢��k���C.eW$ ����(c�Gb��:%r�I�735|���U�y������g��+���]��s�5��۱Nv��1�����97�	M�c_�p�XP	԰��N��EI�����C��NĄ��0��(
:�c����y��x�s{D�C�c"" �{4����BN��d9�uzd _�	�r�ʅ�ր5b�����iѦ`�V�Z�NZg-fb��A!'�,�D��~:�a�nŬ��-��H���)ۉ0Cko��l,�mmAB( �J��l!�e�(�y�G�c�GJ�,�;� �����3f �9&��U���������[��B����E�J!\˺T�T��'��g�m#�j��1]RL�Ԭ�I[	S��&��b3�&���LOR�MH����B�}��^�2��{ҷ��J��6�'1��C�zP�e�F&�m�y(V�p��'�E�/g�9��GK7�]kF""�����W^(�z���GG����,Yu�H�����������6�\q*������իwdA�d��ev�V�=�Ŏ�}����G�T.���s,7+:UY���Fk�m\a62������G��b�wX�����I��������	k��ptD~.0�^t�]�5Y�v�C�Șﲇi�E��������6����M
�o�X��Ibx����z	����XW�A�3���>W��,����j�$��K4�	h#p\�Ί�Z�^C��n��2,�#�[�L���R�M�S&��و��A9w9ċ:Υ4����*a2��i)P+�2����g>j��vr���_��s�������+�!����K�S��t�������,��
zߙo4e�VF����AM�7<�.^�E���e�oCp�y�a��Z/nD�Q����~�gT��4���Myx�=�No2�Q���w����O��+J?�)��9�\��Z��_���6�Rt��δ��BO�Rۮ\�|�����D�����8I����,����aڂe�F\�0*q_�٦��3�T���l�m��U�`�d��G���I4B��X��""�yV^ؖ�k�:r���CW�ov���dN���݇�-1MU�H>�aV�\�]��1�ֆ]���>{��<�O�E�:�'Q��@�#<���\Av�X�fҙ����d��'����v��)=�'��q�y�;,M�����r��a��H���8N��9�d_�S.@0�.�u�¨��4����VB��n �S
S�M4�b܄$HP�m�$�& ���� �r`�I3����L0g��_ڃg:�%sƾb�&�������g�	��i?+��A��ù�w�����PK�y�G�\�A<�noBɠ�B![�;4����F������AK
T����<��@ĀfD=���[��ke�1�j�=���Ⱦ��e�:���f����-f����yF������ ��f)0焣T��՗�swɔ���g[�6%^�#��t��J���z�)������:�%H����h���g�X�.r1�U����8~O���y�y�=�{ܴc��K��8�lo��H�fu'S�>�)�X'pb�Y�I �uCx�V�ZU14��0tu�a�����M������|�C�!M�_[���~)Qo�zP�r�?�����7(9����V;`�V�8Vb|�w�����rʈ
�<�*�
�����T����[1ױV +c�9XM���?pe⫷w�t��F<��X�W�
ӱ��߱%�*���#[�+��[��t|�ޗ���FP�&VܿI�f""6�dN���v���n�5���6����s�m��^;�}c����׎};$���VR��6]-%^;��)e,�6""�UhT�ȶ4D6PaʏfM��L���nc��2����J�@�QuhM����i�����{����=��>o���]ijU�mڕ��5�1˘c�19o���f^�,F�-��x916az9z*��u�[������<���<]�Q�=a�����]����n�/���
c.��x^6�5��m�Ź�k��i�[חvw�����{ W�����^X[�Fl�{�邦]/�O-(M�;��p!nC�4ʋp�(W(��	3����EmQl*rJ��,gN��cTĊ���u����f��'t¥�V�=��y�!t�N��:�!J�|F�_{��?�����x+�(�������S�[�п����y���� ����������''�<�?����)i���y�pt���9܃Os���u,�O���0.���2���,�e����8;��%�s�,o��Z#_�{D!!�y����˰�͇�g�!Q�Ú�������2k1`Q���H���!�����
�4�)]�����R�0��-���$�q���|.g�Z�
���`ۋ�sxw
UUH�2R���W���aL�q>#榶<����M��N\ߘ��&�~�s��kE�6�����N��b|7 �)���K����� ݷ#�\�cց?�n�u��΢3:^+6������Po��'��[����7PC�ɗ��0:Y�h�@d�/
nY��r�(�d��""[�l  �A��f�ߪ�V��^��ۗ�ƃ�E���DBߊ�ǥ%�tKe�tB���Y�;Z�c�mĻD�Byl��H�E��Sx l�""��N�]��pN�@����!�p����+mm,�DJ��(R9������QÏ,t
P��[�]ڋ�uz��Kq���{�u2�_|�kR/M�ez{��D�7{o�&X!�,F�Y��w�������=c�?:�e}p��˯�]���ooݷ3l��v�[��Տ���Jk�3�7Σ�����o���g��ϊ�#�(l�ۘǙ'�4z�����;-5f�0?��ܳ�nI_���=���G�9�e�d��ye���ze�K��r!+��1x)���Q%,
����I��̻)�J^,�d[��.!ā�v9��ɠ4?KP8��Y:H��f0�p7���LT%�6��j���@˅9��gC8�^x��յ������s��b�^��i�u���VuNq���$�Uy��/��{c֜T9k�Z��X�`Q�ƴŤ@��c[�J�C�6 �U�X���ޖ.��F���l_ۻ��_�@��ռ�����?1T���U��&����=�w[u{�R���|�ި�a ��?5�n���Pы��#x?��ǌ3�L�t�p�;��A�%�hُ�'�Yդ���2'J0��Ī��
@9S�ނ{�;V����)����ڵ5�I��k�k�""請�_ӃXņ�k�nWA��;6��Â�n^i?4�����G=r�ώ圶o�68�2��]��!��.9B�z2D����H�Mt	��`O����,�N/o	��#��gW�$���=\�SM��me=(�T[Ƽ��y!*7��S�D!-�oz�<�����x�� �d�BA!���0��L8'�
A�ˊP6�����gǧ��gu��/�������ˆ��$}�ϒ+I��� I����޻ ��p�3U�\�q��RHP;�����Jh� �N'5��JB�iM>�V��U��0pw��
����	ofs��q���٢㵯���&f_������� �P#	���)Ȫ�^}z��}qC3��Z������8ܗr _�Zӈ��~t\�N�'��vF��Ρsc�R�sȭ	����?|�5����Fp>�q3x68�����P�Cã��Y=�,])��|	Y��%T[�ڜ��[[�� k���Y�����@��ƴ�� ����EˠQT�b�fӸN^U�'�҃I^=v�""����mhдcu���}-OTա�:t����/��5H����D22QA;F �WM��Bx��;ƍ��d��������e��f�-!�[|���]�AN�g��M6ِMv��d7����esɒ����2""p��>M��""��b��z���P+�c�#��8�P�e:��T�ڑ�:Й�8ʴN���q^�@r}�͝�i��w�}o/<��|��WH��tS��M�Ҳl�@�Ȅy�&;C���n�[�,�at�a�Á��8�����ɫ�j ��^���L��VD���������@l 9̝�%�����W��+�����1�o�s���1*��Yl��K*(s�pa9���S�{�'~���Bxq���ǼL+{��ؓj�SI���h#&��p�p
�O����(�S(�����)�%�a1�|�Bf�j�A���8�e \;�~�d�Pß!�:�C��sVH;������҂�m}�~��h��Ӽ�],l���Ԟ�ߋ�A�R`�D?��o�nJt�a+���N�����""��a�4@Nךu]ԟӱNej|�v]�\�֣]�\W4�	ل��|��>�`�5�o�"")���X1`5m�X*�gq����v�mM�P�������>�""�v�D4��U�|m���U�[�b�j��L��G�
�.�v�Qt�""RIOm�""��і�ڜ-����PF4
��Kf���F5Ig�Pmp,��e2���""�QCD����)�mQ�?x	}
�B�� 5W�ֵ�5�~`���;�x����~����_�[�C߭���O�0[�w��ʮނ��NM���џ�9�e�S�
Jk��m��U����D>�kz�""'�9��3�����S;���̾̾��J�B{���zq�
�ˎP�\�܉;OL��U��""#���Ζ^J�%,��dL�18?�%�	�=�d�r��o�/q3���:�1ͥwD|�h-چ��F�(�7�QA�K�l�}�� ��uV���uU�uzBs�WAW�1h��eG=I�����E�7ʣ�2⫣�F섧=x��ն��8����C�.��3�=�K���������r������M:�Ksl^�iv�L�M���hU#�ǎ-��������CwF�v������={�ʢ,u�S��7n�3}���k��|�{�{�RK�~�^:��#rz!�.l��gN~%�6�e0u��]K��K�w�+k_�γw(���.��f���J�%J�a�Y|�]�lh��4w�>�zoAE%�k�OIr@�Kҭ����(�CmG��Y[�}�7;ƋH{��KTx)r�<(�����D|�7*���h����E�B��hd�Y�A�5�F ��X�$2��l:��h�UY2�X��0�+W��9Naþ٫�^T?8�M�����v-=�����?�_����~U�b���������O�_���u��)��w���F����km_�i=�5E5�ij��}[�J�ǃ�x:�U�H�d%)jZV�')�5D�S�o�[Z}��ʠ����2��*�bOq{�E��p^ً��3��,�>U�`I2X&�K�%��2'IS�|��HS�S��m��٢��l��4XH�Kf��(��@p5��L@������?k��ǣk�r�*y����=+6����.6��{�G	kQ(0g�O�^��V�^I/J�]��6�Xr��k8s�NH��yeY������'���,�Z�@wgvO�P:��.��������#���LY�C�	�""���c1��Q����G�� ����|�+��۝�ף0�����	ВB��xڄD����Y:8�дW�L}������j�A�.�<%��a��ao�ؘ�oU_x�[seJ�ŵ��d����j:�T'�@X@b�.ΛdZ��PAP�dJ""������m/,���<�E�	�e���""�3Q�C��S7�X�9
'ʙ�^���]�e��Z/,�����j�?|�l��������?ώ���o�wg��Ʊ�Nbl��7��&�R����%vY�R����-�h�	""�$�4�LD͔��
:��Ih�?S٤nlc[�-�S��&�{v�`��~�;���{����|9v�B[ow$���e�-Ͻ���we#I�Π;�{��6?��Zds���{��-\�,2�/1�R� �S����>>P�""�$�6��j�n�r��k5mXۯ�����5�g�ܟ�'`>G>� ��z�͛p+*I_�' k6�H���b4C2K-�Ml�
*^���˓�+�
9��vLܫ��x|��OXP0�c�i���_B��S�=�RAX��Gc�^ܮ?��eڈ�eXWd��0�|$� ;�+�F41�{���\|fc��.<�����]]%�[r�c.�=��;,�-[ѧ��ՙ,��z`Qni��2����|/�l��4����O�o���Q�gV�%	Ń�S��#���L/�BE����3h���Ju����8Vjny���Ox�՘�Z_��R�K�IQ�H���.�8$�"" N�-~Rl�㙿�LQX�3;B_�}=6"">�%B$EYN��>�s�U~8cj;Nw$��Q�0(��A�������i��S��(9%(�9��I2�˒�0��$�II2s ���{q�h��	��d�u�,��x�U""�^�Lq� t������D��>�`��;���(��$U��w��m���O�N�0��42��������}��.�	��1�;��?C�sZ�}!�7���b�s��^�74K�.��H�{k����P���ݞ���قK΄��s��������sK�$�t���UᱣY�[ %#�<2���w�+ ���kf�""a�9��""���w��S� �/�+L�3�������_��G�M_/�%����ڮ��`�!n;}/���p��i�_9F|7��,*�ʗ��U��Q�yxj�%x�b��k��%�y�^T2�e�+~T�9��栦jJRSJY;�]�L��D{@{Z��vB�����+�=mZ�kP+ѭ�k�àM:J?J�&]���}��	�4�6����~z�6yܴ���a�me{����@=�A���y'��{��y�O���;�f/^w�ya�X��p*�����
e�S
KH�`�5�>�T�Q�CD�� �b�k��:�W�W�^�VA�W���7��D-Q��C�
��~ԟ#����C~L�^R'k�6� �%��l�ۨ�P�n�4Է��f���jd�;�W�E5�J�f��ٙ�lɛ��xw������fˎr+6;�S��on�Nn`q faM�S
�Q�*eG���=�Ŧ�`�����p ��O��}bk{\C|O #c@�V�X���bn7о�I��AEr�e��rh���]-X���Ҥ/ �����?x�sX ҹ�uí��v��O/�u旛��R
�ڇO�z�W�a����+""(�������9�c�M:�ȋd@�:�S��I�j�����-��?v��20[Hs�	#�!'�v؊��$L�<��@D�C�9�j�,�a7 ���B�F��FNj��I���Ç���*o�C��=�4�c
R�ZW��1Vn��o�����S� � 4-J�����8I��d*I�.詉$�f���r%9Մ
2Q�6Q�M���Ie2=��k��k��b`Wt2�3�/p(�6{�<�;�����n�Y�l4ѭY��j��j�ƻo$*x`+Xc�}""5�-x̌�Oy'�9��v-�����ٱG�>�u2���+�����g-F�V}���r�&�j]qz}�5����ҋ���J���{	�!�
�
`�GDP��@+��w��Tp���?M~J^t_""/QW�+��P�e�w��/=>}���P�S��W�}�����i�=?r8�*.���rT�""~-�ϡ����^7��Y�����m��������&0�p��8N.{#�.��RR�P�QlJ$�!	`��אgzQ�|""��U�@9Ua�	�5V0�/Vn`�*.U�3Qx{�҅7qʬh���`  �&A�F�_D�;,���Uiu�8�SH��hu<�@�g���GU�97�Է�KY5��:�n�7/}����܋�v��z��=�{.|�|�>u�%Ih�x<
� j�n���=R��h�.ѼݖV	�Rn�e_�9&&�?QPL��a)\
Sg@��%��P��Jn�~\�W��$�Fi0�� [>փbJ1�+GRڗ�@�_&�T-�i��!�r�2�
)�6���Rmz��2$H&��f�0�M0<�yZen2v&�����*�G[M�8�����""���S��̳�w�����B]2��E���Q� ێ}�b��,Hu�/�w��^H�ߓ(fT�MѾ��݇�y#��^*x@_�ݹ}E��O�>М$Q���a��p~ypsY;2�XWv�Cv6�9_=�/�پ�D/-����D?�
}a���\)��<�=���v��A���؝���۝���9 �)gJꒆ�7���;OgO6C��My��Ǽ��1E]ȵ��o��/Bw�H$��!J`|A=_D�߳BP/�Q6���b�z�;�1L�FR�֪SsT��@����D37dN(ao��;G���P�g�^�$`�����I�M�#�8�6R�Õ��H�����E�\��K<��Qu�7��a+RG�.�n�	5�O�Ռђ�3X8s����5��f���a�ͦ�����Y�*��]�L}��`.���E��tXJה�אd]ݸ�V,ik-�#���q�&�fI:��T��pw�EBXE0��5��ē�����\������il����=mf�QV�]%�ߠ��VOp��
z[������WO�����/��ʏ�}�'�^�>SY�3���o4ya����o_?�����y����w��5u��X����}]nm]��=2����[��>x���ܯ'�?1�,��-�Th_�b0�����a�ΟA�����4t�L�,�u�Ir4W͑��:�O'h�
��X^�3�p�u�E��I�9��V�1I�*Θ�F�M1I�#�4~m�I�h��Q""��fWd��b��9�^�!/+y��ú��/x�A8�{�""�
&�F͂Qb`��=��?� ΃""��<$�A<�	�9$�fr���ā(����V���L�v2}&gz�����K�$�%x��I�%��$��f;{t�vL/e��l��d(;b	\XP��P�>�6C����������e�s��JX ��&0T1����P����2%�#���g�
(�e�80a����+{K��߈IU�AɪP��K��P B� �s��m�$�k ��2����穖��D[H�p˪��]J���""���`p��饣�{,f��B'�+w����G,FG���G��8(�4��hݳD�D\5��nw�Ĺ	�h�ܼ�7с�$`I��1ɍO�����G�5~�֭w�ghDb�h�]��1h�U��;I�A��c%�d����p0z
��F���=�Z6���� 2G��NCII|R�gD�&���p2/^��y H�݊I>V����>TZ0������,�#��c�8�8~��>;>���9�پ;�w��}=�؜�!nsn����4�����:�VB)m�-é֭�""*��cՐ���B�m��+�R#к!�j%""�#�� .�{v�	+z���������~��=�3�Q���8��(ni�7)bq��{�q���V����fc�,Ls�έ�Η@�E�wg�����&r���~��]	�He�Ym �D����s�3��&�>�ϒ�'·/�k�&Y�!]���'����� ����Rd��l��� GN�es�ޫiZ�^�|yx���2�G�2XZ�%�c���N�e͇1�唢DbaT�^��bjo^Wu�,�%�UuUӴ��5��{��X��F��/�� �DX�9Ep�E����`9����� G'��Zo4�I�e�YFe@��� �s����Qp�~>r��
E��75�eUf��EŌJ��P��4  �R~1������R����d�qt���(����ԍ�++S�#+�B�(�Hcde%�z�&�۶�����]�bܚ��)�{0N}
�E�@-P;��""@
��S Ձ���3�(���=�my�v��GN�w>ޒY��&_8���[rZ.�]��Ԓ;z����I&�@.�y|��oߍg!���&��~��>�B�Y�Yr�0 4�*v����}��G8B8���-p���-`'��ӫ���/Ȭ#OUɷUIü]��u��h �9���	��'U�0'xJ°0+,
��@��T�4�i�ݮ8iq}@��0�D	��#R��'�����]�y��""����}n�w�Q	���� �aj̈�E{�C�$]؏.dm]탉#f�ZӲXW{4�1QVW���[�3�tu�NA۬�#�����3~�Uj��*��A���jC}��l8�C.�=�d�L�\c����6 �#��Ņ��)Q|U�(]�<�4+�ҭL�P���޲/�Wl�c�ڬ}��� ;P�\w�Q�V�ׯ��s���b�S�a��K���s�jhV��]7s����jm5P����1�L��z����^�$e>���Fʨ��
��2�PP(\�SP2���+R�=�S�a��>�j:Е(�O�ʘL:�#��p�Nmy���7�7X.���!�q�����
�w����.nW�S�K;�#G��ۀ��ݍ�'�an�ο��d���?���p�:D�;���q�>��~�%?�ܳ{h��?��6��fL;���^{(�?{a|�Df��O�M��`R-�z���[)��b)ٗ)��=ŭ���ܽe��ɉ��:�:u�
�3�O���ߚn&rTZ��妣G����a�-�Y▅6/�.,�Ky���`�l�Kv�O�����<�W=& @���_����Rv�S(��'h��{�Ah(K�YGJ�1~�[刟ts=%X_W�&x��e��8I�>�w�	p9C�9��Q�I&�J�|i��X��)�
'*K�\q*�銷""t�$,8!T9���bh)�I�q89 �#�XB�����|q>�v���J�׵?2EO�}��~��y�rߣ�!(�,�;*��~ٱô�.�H9ː3�.�7���PH�&�K�L����6�!��jthƛJ�h��>+6�i�ڴٴ^���Ey%�#�'�e��c�8�8��g����w��;_|��l���5qC���GG�@�:c ��i b? �V�(�ꊦ��Z�F���V�����$��S�M�)�$��h[�H��3�ӖH���s������>�W���d^�~a���Al�0�X4������%�����%7� �4��e�gx�KM���e�v���c?=�em_��Ϭ0�z��;�k�vg���ݾ?�{�э���<}�h^}�H����[�e�G�}N@��_��&^J� ���dJ��6������f4�c���)I	�X��b�d$j�����!�pXN(
�?�k.�*�������W�i��>��A���q-2��i���D���.�ǻ��	�f>8��;<���7Ǫ���[ޭ���Tֵ�K��y|0�Q����#�ݳ�* �S�ZdλI�X=�pг�,��Z@,��zw̒��,+43]���,]@h~{h`�P��@(�Q+rµ���j+*��^|����7�n^�����_yg�NRI@A�Î&�*K����9�m�Qs��4�#���D*�T�������@n�H�B
���z�?k�5/�?6��W���`Eo�	sX���3:ƴ�`��5~H�9^����X>�k��N=y>��*Vp9�bu
?�h��{�[�1���y��d?�M-;�!q�i�	uH�v�#9&G��������,���k�V{��%�k�e��c�,����v1���{��Z)�E��b��*
�_N.��O��2�j����j0e4H�x$�H�FpP6�I`{kWVZ""�yjÃGsYxC�V:`��Nx��d�p-��Z��ډsYcs�/'��r'��t��FP��$<�1�h��4MlhSK�K�j'��ut�^C, W|YY�X��=KǤ5�B�6݀#֜P�Qs:Dh`/ԍ:y^��]�4H��I��V=
] !0����BpIaj��$�)ع�T�Ӡ����l��چㆋҴb��d��[FK(dO��܆lR�������C��R�#�w�=��D��~0ܳzp���>���mHEc�Nߵ�k�����d����1rn����ѓ'WU{�7����_.��A5��t�9�_@I��#<�?f܆�����K�O>�`.�����u�x�7�'��W�j
��Hdu�a��|X����8=R�o��t|&�'U�.p ��,λ< 8B���5���Q,����<��qt�l����_�ey� -��S�+��Jmە���Б���a���=��V��IL�Y�?�?0��8L��X����^Dy��kȄ��n��t�S�jxS�_?����J��x/��>b�h#�(��$��s /0{�0DS��f�y�`96�����x����WmWp�����s ��|��=Gў�h�Q��(�s��opX�p���1�#�Q����`�m�7�|o���ډ��5�l�1�Z'	�1mb�|�dj�A�1%]�rU�B3	m�ڔ/x��:ؿ#��0-�>!i���-��[(�ߧG�7��舖������R����qZ? ܤ8d�6��\(������������k����G��5�X��23���� ��F7=~�y�e
����J-�n���a��=�~�t��C1���Ɣ��Q�jxV��4Z�#�5��bZ�����/ ��_�J�SW��`V�D�SKO9D�Φ��a�H�H0B;EzBZ��ϑ,(�j�C�""��(`6�1�4�S�""�{DG}bS��x�-AY|3�0��> ^�e@o~�}Ԉ������~8��xn�NAAAAAAAAAAAAAAAAA��'Ѐ�) y��)�P{�o5O��.�R���K�����P'�n��6jԤip3}�b0�B�Ts�����S䫭Z�i�?�=������9�K�n�����;={��K�����^����0p��}0d���p����Q��$&%��h��	?����)S�M���3Sf}����/��M�*}��e,^�t���+W�FV��u9��7lܴٲek^��m����v�ٻo����
9z����8]t����/�\�\Z�+W˯]��w���j������A#��z!3ɭ1hj�K�Ri��""�K�\�Tz�����_�����r��H>'?����+E�OwT��'�����zwHJȺ�����^��V�+����e�R��+V�R��#Y�����!���y���-&��������S�+����PMh`�Q��Q��@���6S�Ԗj;5FMVg��j�:_]����=j�zD-RK�R��z�c�d�53�0'����Z�D6���-s-Ŗ+�r�M�;?>?�gr0GcG�#�������q��v�pVU�Y]Y]U]�
uMr���n��Ϳr4�5�4;�0)N�.��J�2�m�6Nn-���i�y�\&?f�����
t���Y%�����
�	�T���C���j�2K)P�*7�o�J���$C�!�g�Pc�1�YVuyVML!�Y3�|���Y�=�*C�Q�eU̳��g�,�xs""�jX$""�,�-&K���gu�R��*?�gG}��ўg������Q�⬬�y��o.�k�k�k�'+�@���
�j��k��W[��"" >�y��N�Y��|
>�I�z���V���u�u��v?�����m��3�l��;�����?�9���VfEf���y@�fOͭ�*��V�*�V�ٺۺ�bl�ۢlmm�l-l&[������v�}���۞^ֳ���c�|�u�u���5���f5Y�֐�� �/xA����p��3kk�{�#�ip��-��9
����Sm��Hŗ�d��`!�![��H�A��R<�OX�H#���y����zl�y��v|���H#�p�q%��""WP�2��(<�b\�U�c4~�_!c���H�G��8L�xL����0SpS1��)f�3@.R0��9�G�LZA�HK2p�JZE�i��""F^����(���:ʡ\�&�%?ZO���F�D��B[h+�Q>m����v�.�M{h/~�uJ�y���S���Ot�
�R]�����O�0��Ԉ��Q:F����SԘ����	5��TD�Ԍ�Bg�,���pwH!�D��<]�b�H%t�.S(��Jf*�2�BW������S8�����t���yl>[��E,�-fK�R��-g�l[)��Ul56�5,�e��l�a�l=��6�Ml3�h�Il���X>�ƶ�l'��v�=l/ۧM֎e�Y;��C��fG�Qv�g'�Iv��fE�;�α��+fY	��.�RV�uj��.�[�L�F�d�,�L��u���#���i.�欮+��w�s�~���\]�PC� �D10U��{	`��8��8�8����1` �xO����0`��$� хh��d��/��3k�Qg�9u^]P�%uY� w_���K����}� ��a�q�!8��p�#q��18�E��\�3�>7��܈�-��w�.��,n�Mq1.����c����
W�\��p=n����\5E�n�ͦ�\�-x%�qN���)s�8�����S�T8ϝN�S�t^9���U�*� A���� \���""!�(��4��P�i�4�h��X�	q	�IU6���1R�,�	�:M�6�A:d@�� ���fܜs9���}~������� B#hY��B3hoA�7�i�;�=�>�?�t�3a̆9�=̅yx��'������s�#��x/�e��<���X��x���u��7�o�����>>�R|�e��뀏�	>�gX��_�|X }���R2
_�kYMV�5d4��92Fƒ���HQ��\YS��x� eydȒ/k�d�""S)���jT�jP4�P,դ8��J�$�EɔB���4J��Cu�eR}Y[�QjH��1eQjJͨ9�E-�%�M�d�̠�Ԇޡ�Ԏ�S�H�(�:S.�Gԕ�y��z�=��ԃzR/�M}�/���4�� LCh(�\��g�s��3��S�u�:y�^g�Д�G�yb��g��T��~���'�I~-?�O�S�p;���h;Ǝ�S�<;���I�h4���4�~B�iM�wiM�)4��{�>��~F����K��~Eѯ�cXK`),��+`%������ZX�al�M���o�)?�r����v�aJ|iƛ	f�y�L�
�ǻx'��=��?�}�_65ߘ�c��[��G������J�1K����X,+�*�Nl�*��b��'����B�U�]|#���I�9eΚ&�3⼸,�E��!n���T�A<�����3(�
�R�-[��������_�S ��T�Kx��	G�""¾R֑�ek�F�����e��""����P�>#D�#��I�=���P~,2�4���.g��rn��-����L�ȕr�\+�ˍ""Sn�[��G�Q��7���Z�j��<#�s�̓��Xd�yW��ǲ\V�7J(�XY��T���bU�JR�T�JQ�U�������j,��&��j�Z����ꨲ�Ϊ�ꪺ��z�ު�����j����j�����j�﨑|���������Qj����������%�s#��n���&�in�[��t�M�nk�������t��ݡ�Hw�;���Nu�7���f�Yh�e&Ǭ4k�F��l3;�.���7��Q���v��g�#�K����������Ͼ�?�k�1�XB$�AFP7hd̓6�;A۠]�>�t:�A�K�5�tz���I{ʞ�?�3��=g���{�^��m�ͳWl�-����-��l��no؛�į��^���;N�s�)r�ћp(�!,�aVa�0��a��e�Jë���9wn`&��;�$��A��
$!{.E�˽r�Mn�Kb*��UT67PmmKmme������ojP���)�V�������Q�>O�}f�{���3�y��L��\]�~�~��s�l��K��C�g��������s��y��\�+\�o�o�;��.zW���]���{�R�������=UO����� ��8`4��#�Q�q�8a�4N����E��t���I��O�۔;�*��lS>""+�J���A#[�, �I^�,ȆZJ�h%~�V'H�*O)O;!�a ��7�M0H�9����0�߇�d=�;a8� ��	��G0��X(�B(�qP%P
ePP	U�;��aT�D��Ip/�G��	��N�U����P!��C#< �BLqh�fxZ���̀���	��O�1�i����{��&���0~	��0[�J�j���2Ġ�Kmu=B6x�3�0D������=�=�d6��C?H&�]��f<	O��0�*s`̇�<����,�E�""�����2,Qg�Rx^�_���5��~����Ix� $K���ބ�V*�a���`��u�6�F�����V�ۡv�N��a�}��� �Cp�ua]��cp�5��(���p
ކw�]�rQ��\f݄*�p	M�E�(""�'d+y��W�""s�J�2O��,P��e�ёug=XO֋I֛�a}Y?��RY��
8�.��BV�Ʊt6�e�L��I���un�d�D�� :
]`c�!Lq��U�&n�Dg�Et�Dw�#��b�,��rV�*Y�<��ƳbV�JY�X.V(�X)V���-�F���z�Al��f�*���b��.���S����W��E�8 �CfW�DG�QqL'�Iq�,5��r�¬4�L�9ެ3C��ڜh�m�cN2�5�3'�q��l6������;�]��x_�g�Y'�I+kb͐
i�;�nVwk�u�zc����dl6Z�-�Nu��[ݣ�U����v��zP=�V���﫧�3�Y��C�#���1��p�*ͫ������id��,d�2�\�@��ݯ����i�Z	��v�Mہ��Oۯ�#;E��G�
k��4����t ��C��a�Ǒ�f!c�F�I3h&��<�E�iͥy4��w ]�>�>CN��}�����L;&2QO�td�:w�^���3�g�e�t-��rx���3�|�ų�<��syr�i�v�+Y,Y,C��u�!�� �e!�s����k�|���g���9�<�/����%���̗���*Dӿ�+t,-�����cx'ޙΠ{6z6�=��'��%����O�<��?y�ԆjWGb�$҄3ř��s��tq��K`7�	�D��+���:��>��V�PwE��㞝��؅�H���$���O�X��H�Or�K/�%�%$L�����HF�,�ؾ�Pt4�qe	�_�J�MC��:3G���p4�s��l*J-Ҍ�2�{ƽ�����8���7�>�ď؏��""7���璁�Rŏ�L'zhD]�q}���'u	�""�բ�^�c��5�}:u��5������T\��>��Y�5?�D�҉�U�S�=�A��hq$q�
8��(��<
1'�;AǮ���0��r4,R�1�N��Ldt]W:�(J��5�x�_�a��0� ZF�^D���$��Z*Q������|N��;pr���sꭹ��i����ϕ�ZK��±�FK�
G�_,nȖ#B!Y�V��J+jE��@�d�����eY���m�}-�xL��ӂ~�7�Dli��(S�aH���ke����ס�(\� ⁨�[���7�Ԅ#rdpj(���d""""�1������CM���d�!`Ed̮��+��~�!j�Q˒V�T+�2tM*V�	6�:1V�E��G��.����h��\��5�We��%ޛ_t��ґ�%�d,�X��H��|{���ۅ�\��2�W��iU��X_5n�$��ȵ-����T�,��m ��:��4�%��u�~���d�����n �-��""��H���T4U�@�4M���$�j+yp�%:�
o�(����/��u� Eu����~oQd8�7>Q�x�fϠ��A��Z���^�cuCVC���M6��G�PWCԍ���K-E%��������o���Nכ��������[ɟ���N>�""VJa��h�����`xb��!R��4���K��j��!�[���/�^�nt��q��B_	I~�rIcE���4��)�t�x2i�����[S���9��s�}+u�K;8ަm<\}G˩�K��?d��ќ���8�Q�!�����f�.X	eS]�Wi��(�6���%���S��|��bQ0sh)m����6�\���K���d;��xY�>�4�B���:C���wD���~ ��X����=��Vߧ}t��*3q*L��)���d /����j1�MF/�>;� =`�[p+�����l1��5�I�""WN�U�Z�P�#'re
R}&͢����i�N��.Gcg2v�s����8-'�Y���r�R;�=���G�g��z�Oo�p�A����ct�%�pgp�#�i*��%\������������W8�Z�Aܪd'�K��_d���.j���:�?��S-U����VuI�F!��B�GA����z>�C'���jp4�}���!���QW6�'ºI�����빂?�k�ȏ�V�+F/�_��T��d�4�0�@�+����z_�J}�~��h��{��銟�%�r���\�!�ڣ�R X٨�I �W0�v>|�ߊ̩�O�}Au��i�D����w�ď�D~���!ͺ�Fd2�-^���6��\ʫy#��3o����\�W�?�M$��01��b
�TQ$��5b�)q^\�����mq_�!=��M铖�#�)�iݵaZ���vB;˳����޹]ߡտ�ue[o{�Vc�e�����'�W��j?d�lW!=�Oc�}Oz�[ϓ�dQ�J���#b��Jl�ʧ(H�A�b�*j�a�ޒ2y]~,J����P�X����z-B�E'p��x�A�#b�pp9X[��uB�⪰�*P�F4��D��k/�=����O��������T!�&�F�y �+��������}Ȼet��P�m���ns�y�A���N���6����K�!r�E�ɴ�n ��8��h~-���:�d��h7j�K�*��)��5 ��M����r�$�!��A�~!������� ��Q2(���t�������ޢ�2���N�P�͠?Q�� >�r
8�F�#�P7��0��(��q>���M��lh�X�Rj���'�)��)��/��-�wA�ux��y��S-����/��>O/�?���G���>� U�Q�N?�k\_|O?#�3P=���a�""=�w""O�L�FK�G����A�����kQO;�CN�}�:BP9���""��Q4Q�vW�n|)���~z�a�&�B^ gˁ����2�r��^�<�݈^��eH�O9\�����S�e}K��]3P���En�Q'��`A���*M�����0Y5�}(�-���&��(�?�*�e9�Nt�t��M�'B��d���*�7���y_{ٕ1q�+���C�6 5�_�>���KJL��3�G��nfW�ѥs�ؘ�(Gdǈ�۵oֺU��!v��I���1�����ki������Y��O}�Z��XY��X�7Hf ��������,�/���~c@�X��k�J�4��j�o��	|��2�f�9�7ˋ�D�,���It��j�h�ᛐk:��3��[݁|��rQϮ$%V��mvluX�_'�Z?=��x-8�f��?�,42G !,�Ȁ&��ꃣ���y���v��,��@@6,�܄ ��YYH�WB�MJu!�A2(��~Pil�bG�*�ֶ�Vj�A��h;��N'L��t@�uF�H^�����v���_ν���s���B>쩌��)�HK��פ�W�'�`4�*�T���G����B`���š�U����\!.2O�T��)G��ha!S�U�3����E[b��/�GK��UM%pv6��X�V���Yu/��:J�ST��ױd,gK�c�w���W��!ʈ�s�i�����*�J���X��e���搷:�}[�8�f���6�]ҲT��fi�
R��7�J(5*r�gHR��\n�Rjo0�	/��7��ξ�N1�#�%ōn�2�����!�!�K�hX��U��#�ClAD�H$��#�Ȫ�ٱ����""��ɋl�;'3{vfE�����uJت��#>���H@�\�:���Xgc訪�U�MG&�:�%
H��ZVr��|\��GU�l�u,@�!�B*d�%��Թ�B-1��y��r�Dd����,����m�:���vk7,���C�H�G���P""�%k*&I1����^���@��+�n��9xvF��{�/]����*�A�@��ߕ=XM�y�ڎ��y�����0ʕ�\Rt�a����(X���0��A-�]*�n�#�{���sQ���
}-�80������\ ��9����Ǒ��Q�&Z��$������@��,M1�i��&ȶ�(O�-��Eh7��h7�%깢���^��T�H�	�C���O�!���iA�%�s1�J��k]�r	���B�� ����I���o�^���S�u����i6l�1�(�`�Z���A�C~YP��7��}���'��rMÀ���K�I-7?���k��	��D�hwS%d����>칁�+��T�p�y�z�����y��^�fp)�o�}X�'�6����@?]�[KS�P��C)�_3���%���Ԉ�0!o��8�&�8�ö�<���|�?�C��""��˘[�_�����s>�QʊAp�<�W���J����d�Ǹ�6�`�% �����Ɂ�� �d#x�<	lB���=�cV�>�����X|�6wF���c֝y~�� i��6��sV���#s�9�H���!z���g� ��Ӵ�� �n%�\�K��
�,�wv�͑�NZ���;���zp?���~���\�K�S�E\�As�qk�*�'�Vk�9��j�(�� �g^�����z%g�Gz&I�9�u�+��^z��}��O���D������!u���(���Z6��Dۿ��O����Z�?��qw��)���T��H�@�ۯ�u�)1�r�'�O��E w=@��1!��S�ˍ�sm�����:��	ľR�p?1�z
���!%�h�ᒔ_��~�KR2��޲�۶�lI*������h`A��/����g2Om~.��y3/���[8v��=�\.�ή���1�c$�9�qN�d��M{��?�8܇�ֽ���""ؿn��as�����fW��,���F��i\�\gnQ���9U�]v,�vr�̣�)�ɣz��1���t���ʣ2���u2�q�L����tu+��G#D)��^'M[��	�(FLf�&��]��bb���E�I�%��Z�����jG)M���� �m5?��q��d��XKs8�d�]o��"">{�A�nAy�Mb� ��^�ji���}���r����\��ː}�N����_X��V�9 ��H9� ��-�`���6b&ϵ��)*��'�svήA>����J$��G�Z)e!Wm�����h��~W�Dܗ��2b8����`�w����g�n�l�F|�D��L�	�Q#�$�ZsC_#�'������e�a�ǽ�k�|�cH�ր�s�#�[VS�����%�V���9j��g/�p�6��K�H�	�㇈� ��,��������f��M*�^�������y�?<�~�?�`�m~lG�;Q~���W�L�6�9��	����w��^�]�������[ͱ���%���`�5��e��λ����Y�\ƕ��M�9 ?�ȱ�`��E���[��K۔�f�LĺئtK!��~�b��~`p�,f�]��3�
�u
���E�5�cK�3�>�}�'��O�r�Zd�0nj�����!�N5{����{�F�?�
�K����G �MM�c�V�x��7����x�
�����H��)�C��P]���t��7󪶏�U�qҟ����s��S��\��}��Gy&é'���1px��5�q�亻��9Vts=>�g����OAш�����R�P7�����F��F�F����ǀ�{�|�Zl������دZ/�����8 ���_���]���d�xg�9��sb�pm�������	�;�N'����
����oԇ�V����f]�ѵ_}ڋ��<�1��@	t�!� � o���<�׊q��~W�6�� b�8��(c�����܃�*�8����s��<.V�+�%��""-�(	^ŢT�EEFE#�Ҏ����V�RJuZ� V�E|��Lj[[km�_hT:-VTr���ٽ���&���|�wv���������?��uXA��X����G}[n��J�#���H�lڬ��W��g��'�:����1�>ޮz��{��E��ֺ{���;�1٫:�����Yw�hǚu����
�>�q�e�dAK��)OQ�ZV���Ggͽi��U`��~U���k�w���:����呂ؚ �L���쵃Ğ�!�坊�X�cXy�N�ݝx<<�}�r?rY��4[��ض9��Z>��rj�eIW�����r����Jg��3��""9�0O޲����2RI����mui\tV�L�k9�;
�[��7�.q�8m�o��""=s2��;w�
�t�u��;�·�9.ɟ7[N}W&�g�T��P����Q�%������|""gd����s��c5&�����ģ�n��2�e�4�X�~�2���߷�ύ>d͌�w�-�#U0z�V�2���{2����""z��^�CŴ`1�=�Z��Q�N�;��2U""����gm	q|�""f����n5m&�_�?D�7�c��)l ������ ���Rsu�i;�\z����M�����p����z��F@�P7�o���l�Nƒ;P;��
�q�&u���ѣs���yh��$�o��9��̺��R��g��e���+Չg�g�5�>9NzS��K?)�ΕR�ju�yR�����l���\#����Z�˫&'�g�����yS.�v��s\��V��6�������`���M�l_یk�*a39�V��ߎ�G�
�U[[��p}g隚��J�%[�<�\M���m=��]��rc�'��i!�M��^�˽���p8��%�yD�c�����C�F�-��_B?�1�}��z�~*���ߖӒ�ek�OhI�<^f_o�Q�i~}����~Q{��K����
�5�b��� l��f�h*�X������g�>�&��#�K_��U�[˹xP*R������7p���^�q������6ܟ��%F��^��-�^
�e����ak
h6x���V��JrS���_�y����3uc�~�{�&�� څ�^79=y��$���.ƨ���N�����bKN���s�������WmU���c�O�C�ډq��؎���X}E�+����[������C}�1�Ql�š~P~̈C���ħ]�4w����%«���_�>����������;m8&G�|����Zg�yw�ߢ��8�1¹0.K�� .�.�\�7�Y�җ�4��Lb��H����[D�n""w.$�=C�z��=)1:�I�ͽs��0�ߑ/{�Jn���W�q�'~����:���>C��]H�B��T��<��$A\���H�%�>+�3�ehP'����f�Ҟ��> �kɫh�#�1��Fs=K�7KY>�����e����23���{���""e��dj�z������Nk%�X�/�q�o��~R	��g��h����&�7�)�C|�)�t�y���c9���~�zu�A���yR�y�y�A���Y�r��w� 4���A�O�������.|�[D�U��� x���s�h�B����h;c�︍����|��q]�t�����ˍ��c�f�O�1�=Zo\)���2����ȧ�ѳ_e�VϦ������E��wL󟖥�����y�����R��xs4G;Y��`4&\	A5�X�z�ߋ�n�KZ�e&u����ٶ�M�$z���m����K�6���?x^n��FhL0qA���T�U�\e۪�Ku��Z�}:�z�9��p���Z�c�;[�����S��.��־am��5�zq[��۵��k^��s�?o���]��u{f\�1�ށ�����L�A{8ݨ�*�=�Oqkt�&�}�~_����伎���=��D[l���mH�Õ��G��?; =�v�y�9�����%�>�.J��9�|�vH'$P2+�oF�C�Y�z���ə�G�O佐Yc�'��uw��օ��y�}���~���y���wG��^~��V����&7J��~ ��XC[����9�Z��h�R|T���|{ӧ�>8W.3�o�`�h�4$}k���WF�[�.7�u�Z�K��^�_D����ۤBc��Q�-���*Ď�d��{�V�m真�zɗ��ƻ:��LLh������cyβ�j���A7��G��_a !K�z)1<��ւ��%ĸ&�SгO�76���Iķ�rf0K��wȩR�cO�����/���W��p��;S��ٕ|w�eL��&7��X/�*�3��w���ͣhL��GxE��ͭ&��	""^�0NA�<-�V�
�@F�  �""�
v�!RFZjGj�����������p����]�r���L3��w��sΞ=����Ƙ�3]^�;�c�=4�c��YM�Zk+�=��g!�\���a""���(ʫ�w>A[��x5r�g��ٹ�+ �5�|���a>�=����ю�D0{x{��
,�~���y��\��>,���ν�s˾����jQl1OQ��s6u�i�ނ9��g�Po��%Dm)}�R�ͳ� X��ƣo�������NQ�.��v�<���o�.h��Y��9,�|v�j��[Q�""�Q}�U}���l��X2�y�����{r�'��+�������*��Ո�-�A���Uѭ�I���%��D'��?�����k��>�g��/�nP�J�&�H���������bV��}Gkc}�'��)ކ)����Q����}�l��+���8(�����:�ms��x'4+H9'w$��\�C�_�����cY��o�^� �ERi%��]�Cr$�~�T���#���Σ#����~��:���� �f��H�v���bxB.�5���zz�$w��Y܄��9�*�`����?2%nq�~I~�`���b���5���ZW�v�\Lt�̃�����y��3���vOt����$����(B���m�9]�C��X>M��;��\��HxcW��o����B���[����0W�G]�:Zi���oX!pM�
��	�c��F�#U��ϥ����+���Jk2����#lŸ/�:�ϚQf]�v*����^3�k��~�}�v���ji'k�v��3��|.��<�9�Ж�8�VU�6#�z-��-X���m�""ת�ڂl�͞�>Ԯ�*��u��UO�U�GX���פ��""��""�;#lo�ڴ�c�7��}j��9�	�I�'�G�ɬ�ΓO��܆�#�G�ط s	�?	��p]���/�?��9����u�nG�p�_� �a�^�d�����}>�����>܄k {����wk}��U�4��(�%ߣ���o]½�/��^��������<��{���L�<�~�m��������ɾ���W~��t*�N�9f�g7[M� �;��>��^̡u~���g&��jT�J���6ƀm�A�� R�SFJH�_nGf��d0��ӗ��RV��;t�����w��Y��{K�sXbF�""i""�I{2����""�K�JҖt&�H.���j��Ϫ��!BE�A�K����F�A���w�U&�^�]lw�5��
�_�:�����8�������4a� M��嗼wU�wRm�o""b_A�-��E4cο���3Vx�闧����L���wۼ��G�i�x�V27�����;=t�
�'�J�d|l���{v��$;�G��]�_��u�^���@��""2C���Z(9��q<���Ӻ���=�����i���(:��އ:?9�\Ƽ.�I��کn�EN2����z��H\�8�nazz��5�= �KDxΪ�&~[�a�!�t}�6G���0�Y�o}<���5L 9>��k�	�Y`��wB�X���F��X�;�Qjb}7V�mX�sw	�z{9Jy�Kݏ��Fڿb<��o���N7��a��y�}_�\�ڥ�q�W��9���klq^a��t�	�k�����V9�@���f߇�2��<3����q��;���8�Ps��y��{��zԫM����Y��JX�r���eL���l�k�O�T��v)}l9�t�i��z��m����v�9�'�Z`�z���F-G�w+�RO=�X0L�_�9(�H�3��N�Z��1Ppr����h�srѴV�?m��/��D��%��\���z�~D(��I(���H����ԓ���L�ɍ�t�w4�n�P'��|��WH�P��f�q��&��ल�߷ĭW@:�|V&��c���@׳��y�sߋ~*�tF��ʶ1�;��}y)��a{�+:�}�m�G/�3G���E���y5��a��I�-<,�����o��4_E�q	%A��x���(�缧2�B�y�>f��<��'�s4��q�ٳ⹕������Lce�B�V����Z_��N�]����1�݊l���.�,�Sd�;��;��)[��nX��������+e�4��X��x�^��>����D���xP6��W/��~�}-�~�;X�Ǫ���5��9ac�hېR'�I�_���)""Y��!~����wc���7� �yW>��s=��ϐ�l� ������^���Q#N�`�QsOp=��]nZ���3�.O�yW�T������5l�1.3�1��}��u^�%�]�H�Fj£�m��@;g2����.�f`���w��uV6��e,��w�C��e��
ٽ��=�>�˅j%��p�{/F�]���#�z��+�;�S��%�1��v���z{x
{�7�%�=���z�u[�[�?Ѝ��Z�㖴!Y��z���0�|>z��C��y������j�m�:�߽����vK��0	!�� 4�J���:�I(]�-ڣt��ƣ���m,�4ik�FT�6�?��U�DY�H{�J���TH�HV�Ue%��Z��~��Q�n�l��w�=��u�3E�o�L��P�����}o!g�R��*�=��y���=�P�݌���wS���q�WkT!��A����6�����sh?���:���Ї��s�Ch�����?��`�D�L�$������>
�-@|j��o�G1_�B��ʺD�W[�}v��o�$ģ�0�~74�@���?ꯩx�;��	�	���{�� � h����M	�WBFC�q)g/�-x:��p�&}�i���yZ��&���b�M�	�3%$p�*�7�:���ԍ�SQ�^2�r�����R�e�ԛ����od�����s��;�K��Ը����P/""n�fo?��m�+��宯�mԞ{ø�C������V�yP5�!���'`�@�QRڥ�-Ĭ�A������
�q1�OR|k��x�}V�QB�V��v�n���s^�&~	�p~=�3LR{Y�f�N�j����
(���XEk��
<���'�|��Ά�""�_���Ml�	��<-q=wA��F��4lu�г�]*��q>��^s�hs-�s�w77�Aȭ:\�,@nӅ��w}W�#&��sE�'���$ޠS_U1t;�V�D�2�[�iG^�?w��}���~N�nC��rv臗�W�!-�(�n�۱ItQ�O>�8�,�*!u������c��o���q��������rOc�F	9���y�F r���B���2�9��_��v�2dK�.,ÿT�`��(q�%�Ȱ(v����vI�5,|N,�L��S e#��*5J����Dr�<ٝ'��ɎD�g`l�Dn\���E��v��VFR�G����D2�AG��yjw$�p��%H[��C��_m�w7���T������``�A�A��@�%��� 0LK^5�;HU#�:�	IA� �>���C�7��]��(""!�6=�$�lV;e�z��vl����g�	֟�UF�f/�P#do�X��ߐ�8U5�T�3�tAB�X�+'�֚{m��Q@�d/�q�R��w�@��L��>l�}�a�J『;�]J:���5�˅����[&�g+g)0��T;	H�Y�d���-;T�M���+����H����W�UR�� ]
z�ǿ�_��ϳN��2X����Z��� ��0���P�b����u&�X������b��xx�>λl+������{�6ˬ1~O�Rp�	��p`�w��[�d��,���b�1�!�0���iU&������9���	>Je�/�1�,<>ʷ�{r��<,Fg��Oy�ɰ���R���Y����J>��V��uԮKG��f���f���.f`��71r<�|���*e�ӨLy��GT%�F�)>I������#��/wv��(������2.�˘3�W�G��o��d�E��۞b��P^����g����Q%���ф��q�q�)Zih�{P �Y@�mΰ�z {��X�Qީ>�f��1ފ�oU��j�-W{�R���]��zYV���~aص��Qn���s����;m�+?ls6�[�QnS�h�Õ�n�d��4ٞ�]mr�A���c������Kr�SZn�a���	��꫃j��'	��1C��>�ԉ,��!@@��-�آi���8�z�ݮ�9 ���F` x�\�����
�(���k�6Q&�^ ��PD\�uj�G���)@@Wk��5q��""USZ&Y��)���4�Eڕ6�Awr݊5V�1Y��EE]��ߓ�pܓ�tx��D<�pn�.�O�$CF}�����l�P]����b-HS�,�4��h�h�ɯ�D�T�lO�N�ζ�ĵ�k��x�f�f�����V]��GKk�k�Z�֮���i`�Zn�-�^_�/��/�������o�7��]����q�1m�����72F�4�pQmQcQ�s�M�Uu�����S5S������Y��Eٯ�I��V�2.k@%�z|�Y@��v%ʸl�����G�t}2y��x4��h$�ST��j��Q}(:��S����+����_u�Q\W�޻�l�̖ž��Yfb9�6�^�w��fش�.Gl���][JP\	�JJ�Ħ����0s����Rժ?B�Ke���DmӪꏒ�I[��w68Q�ԗ^����9�=���ϙ�Xy[徍��0T��x��-*�""xR[�69��$�~��K�-
��6���C�#�0�b�ѝ×�9����A&�����fE�#Q�|ئ`�[ێ�jѠ\��� �cv˫�y6#2�;#�|x�����x��Rf�eLF�A^P�C��J��8���]�%��C�|��I��p}����Z���$kih@OU�Q�/��b����[""^��AHHmb��N���J^P��J~Q��d�����h�z��}����g%�����w-��Z�W[�o��7�oH���֨�vT�UT��_��g��@T?���Pq�wG�����ے[""�?#��#��""��#�+����N��w�N���J�_ݥ�]z�.�:���C�����=D�@�0�X��5{;`��S���� [��`�����:VK=4,�m��&q�0���A�a�a��e�oa���x_8M����𮄛�o�aC�""��O�!q�����eaw�}��N�""	�f��OҾ+LG/
3xM�-����09�����Y���s0+�c2�zw�%SXv�	a���~��'D�`T$�ɥǨGqwS���ң�1�>R�ȗH\�H���ia�#�+��t��l$C{d�G��SQ��|��0c�.��>%�)�8c�!��qr��$�!�>7iʐ�a^�g�I8Y@X�DQ�*Y��&��)Yu���⨈�$Fg��!��2����'���q��G{���.�����1�t���Nj���Ҽ��D�OM0�a�s'�A�i^���sv�P���ˎ��f��/3��/;��L��+���Wd:m>Ϳ�擸J�s�h6���a~<.m�f�F�aͰs�5���vU�a��oW{�9jG�M(�g�>���-�`��6,��~C�����[��7���Y̧�;���
�x�<�l67k�Z��A[�Uk��V�ҘF4�6������ ܼ�N��*)��^Ǥd��!��ǖ�)�c����a����>��ʹ��Cy��
4��?ArC��~�L�<�1�ԭϑ��td�}�L��|�.���n}O�����χ%�=�|�@��C������fV���X+#dY�jt���ϻ�7�6�,7r���@�cǳ�k섄B�ac�>i�#�h{�$�	Ј-46@���Ghԃ9�%>i�$	�>Ez�'�|�8C{�'pF���	Mԁ�I	��#�Jh�S���y�""91I��b x�6�>����7|��]�t��󫍓��cqp���N���\���|v���a�A���H�}v(�NNIG�����xt؝2�3�I#�����ed<���{��pFt%����La�w�s�c�����sz�`�2X���;��{B�{e�	�kB��M��\��4���{Iz|�c5�xZ�ͅtC�xB=:{�C��׫�Hj����H�:�t��ZS҅GZ�6�\[q�N�i_�+�:�7iR
eG3�-b�J�8�b�?��(YY�������,*k�_""�+ò|.)Z=y϶���L���콭B�X��вrbת�oP�~�چG~n�m�k�U�������yt��K����R""0o/�K��Y��t'0ߺк��T S(*\������lQ�[�oY��""w��1���÷��Y��[+J�wN�%���r�!×&����q��� ���'
endstreamendobj273 0 obj< >stream
H�\Up��oW+i%���J���~��ږlɒ
Z`H	`����'��=��� ��@�IJRRJ���4�a#�'�N�v:dҒiK2M끡ŝv� �o�i�7��}g����s��J�$,�Xn�w��.��/b��ս�}�|�w�m^�y���;�}�~@w�����mՒ�#��ƺ�m�
�>��{���ʞl�)�Gx�����`���}�����;�ea�m+�+^��W�mX�I��Ul�����-}���|<��{�w�f�ώ �a ���6����?�ﯫ�����;�>W���|������������D����C�A������Rw2����ׯ�ef*UH�3���B
��f��)³<��rkྗ��Pp��1@GOYT���s���$;BM�A��Ό�1�.4E��O�P�n��{�S��ȁj�a/���#ô���_��ɶ	H㝉�j�E+
��X�G��T]����j� T�P����bU�n�B�$	��B�I #�'�2ر��6�7�3S�5�tj�(��q{�AHDdeA��(Q�.�� J� 4�SkA :��&�P����^0�ZIW!���;�U��i���xA���)�))�G��4�3GX,�z�]�f�&�m�7����$�/D,k�G�zW��h�cZ̯p�b�O4[$Q���5������K�'�5���muyܢ�*���,Z�5,���D�� =n��@�I�D�j�4fĊ���X�8-f͓�ΊO��`B��1*ȣYJ%R�i1
�Dⰷ��xϓ���_���ȓ�<%˓7�k�%Ys2��fpK����6�U5���e<�e6��L f�a���p��bR:�I�t)�J$˙L2�mD��j�UWG�̢͉8n	^��`�C�x��kj��&nf����mf��Lq���=�27�m�#��(>�Sk��p������k�|!��{	���մs�[@�>ƚ8G- �!���l�i�5��>���#��oF�E��/D^2�<y��^�T$�6��.E���_�B����sZ<r��74�8]��E�H�F��%)���	""8���op�]N���yrg.]�*ΣY wk�Ӫ�b�xD��d�ņ?������T#9�s^u�N�h�m�8�3��GZi���j8��������IF�ȳW,9N|��M��r~�:�����H�+lRVKQ�xa�,�ݚ�xˁVOc�6�`O�1�)L0�15��?�:�������C���l��×/�lm]
�d����B��(��T*""�5�,�� ~��dP�o�V눮�kuZ�/�$���-1�(p���/-�/3\�Ɵ���K�z����{ESe�;�ڃ��M���3=W�}Pj-���c�x餷�
�.�t�����l�����J��$[z�|r����`wŽ�U�'��'q����/�����""I�l�lf���8`�l|�f/�2�����ʓ柙	�	yԦ�z�>��<��e��iP���9M""����j���$a�
D1���̏�K���������!*���85����mf�)���5R4����$�J""�Ո��k�Y�6��u""+i(i��ٹ��:���]&��8y�d	���d����.�Qk���O��xb����W��}�O~x����ћ[,a�����_a&�𡲀îJ�IK�鱦e��z�rk�f�ي�kG`�>o���Z�u�n��ivx��f�hf����I�]Ng�g""j	�ȓ�R��F���d��Rz@T|. ���d
�[C*S�l""��L��3�2�t�v�FF�sj��Q�-K����C�WV��Բ�ʔ*��_˥	�Jj�wM""0�X��� ��=Z���k��y��Vg�J����u��5Ͽ��V����g{rWo
W;D7fv�|����,�����Z��+K�'@Bȵ�����	D?3��C��V�~7��gw.�^5�;g�`JV�K�+����&/���
�s�����IA����y�ȁ�k`<��ᨡ�6�Y�@z�6h��(���D` 8\�Lt-�w҇h��eO�X���u8m� �ڊ�?�Wl������}��������Ύ�CC��X�6���:��SX�T(�,��MQ�D��1���ueK� $F�*��Nhj�N�T��I�.b[�UI���ش���~�}�;�{��y�7V*��b�g���;�GX��hf1)),�a����H	����\�.VwZZX]�`p[a��Z�'��W�.;�����c�[%/c�.�t���%W��-��*��tl6bظ.�,P��Dc��X��{�*DXa��˰U0s����9���ٓH��{Jà�0l�ҹ��+��l��+���--�H΢+���Y�n���$�3;����7""�*���}��Q����""(WrC�^`���\�~Q;=;N�%�}�h1�TI����aE�aÁ�2��@A���	:���X�'N1>�Q�K�Q�K}�p$��e G��;����^ȁ�)����g�8R�H�?��Ժ�_��=��p��.�D��֑a�5�E+e�bJ�|� @�>G�OR���z�W��4u8 �F��j(�1M`�
X˂�Vu�|�3��4�����Xa�+���9�0|,6��u��k!�R�HI'P�e���ƪ���0EM;]�HӢ3��^J@�#gn�}��Zv�r�oQL�%�M܌��Si�h��m�M�(lZR3c���\�l�>�=q|a""*J���W��r�>E?2qn��Fͪ�� ]���8�b!�PtR��D�O����l�(��˕(�B�gV@�܇�y n��,�BU1C��^�,T%���f�6�ag#�1�o�o1��-e	X������A���Ym""��-�y7�Wj7���a�m�����M�����R�h��<�J��
�UܰuW3@�_]���Gr��������څ�8t��K�ܓ��f��r=?����@�|	�S��f�k����C�l�
KSi�o��*Mm=�ܤ��c���1��ݹN?
�� Z��ݛ|.C������o�vۺ��|����g�ŗS��1뫶cv>Fĭ�TGjC�+�,�˶%����K��;j;�)�M�Ý����?I�ȜC��1~0=��""-��K,m\�uU�#c2���[`k���M��5M�c4zM����(�(MD#,:̅b�`���f ��f�,�:>
��R�ׂd��Ј� 4�8�P��	��A*�}(1���%���v|�5�p
6�p#�{J�y�@4��S�U7�	f��""�L��Cc�q`���{�$zP�G(Tk�p�)ߍ?FwS��!|at�@Q�|�S!��vP2W�����@^Y:�dsHq��1D��{���Qb��Wv4m��>TЗ��������?��-Yq�wS�CRrn��I�qtgۼ���o����&w���:{��.�LQBW�Z6�Kh�?�^�%=PNX��\=��r�} nM�O��\��""I=�PP��E����H���k�-�������c�8��}�g���>�;�Ͼs.�C�sp��G> �c�W�RR
�@	��2hGŪ���4�l*���+��hi�ά[� LBݴ�QmZ7�N�$Xe�����-f�k;t�4��=w>��W�{~��i�3M7J�PօbPD��Ii4�R��T]�k0�b5���+W�~�y?�f�.�(d/�٥����9����Dv�1�C�%}eI�C���5��k!���(^bЂ��&�e.�n�\lY?����� �������{wV§l�$]�pd��b�)��f��m�f�Ok�b�6��$u�A2Z��.��w����?���3vm��Ѷ�v��=z��n�����KCی:� �}�k�~9�b]�|�ɱ3��c���CUɁ��Tg����u�iOzozO�j�$th�\%�R
K�-)1%}�x���x���p�{I`��4����R�J�gB�W�i�tTൈ��X�=���ސ	�$�ےé��CQ ��4�?�~O""(�z���[4BSD�ic�q��2�F�XY�ϑO��Jk�5;4�h�c��55�j��Th�aysQ* ��ݵl�|~�_���|1۲��K�k��� ��1/��Ah""�����
Q�
e�RR���˰@�{?x�ę���㡪�7l�0\������we����O>����tu[{��/y��z��n�M�ԩ�'�����&Ԧ�X�z���6�ۜ�yz5��1�wŔ�^m��e��J�>f��6��&m��D�/��[bq����:�0�|�v�~{�1W�/�.)�M��O����2���ImjPiS�T)6�= �B�8�3�H!��?UCRCc$�E�!�%�� ��X��r!�&��PC'r�>��$H=�.�I�%��b9��z�ӣ�`�Φ�1�4��?+�8�|С2�Bd�X��J""��D$=`�xX$�V15����Z@Y>�qޝ���d�^+II�0 .�K���/���% �<� mI��bE����,/��Z��LjQ��K�2�t@>�Z�����Os.�/����y����T�Q�Eg�����gT�G��2}�tdO|mh��6��>���&�*|�ް�y⟻F<�����:�X�9���֩ó�����(�=�*�&\zT][y'ӏ_G	^�O �+� VP�fVt�� �iY-aݨ]�#$]mp����M�h{t��6�v 8C��z����
�""z�m!E篲��~ȍZ�VW�cZ����U-�2��|�'y^�t���״��^;a����iHMǤui�
:c�M�|õ��/��g��pXΗQ�,����6\�,E��¤��J��3���Ԓ+�X�-���?��5""@UN��SC�����p���m�����9���;>��|�uw�ǹGf�6�n�{�-\i	7��U�#�m���j�&p��#a9C�i�Cn@NkT�*g{��]����� �!8t�T�B�fT�����Euu������ `��l�P�����3c��M®7�^^䷼*����%��v* P^�Cl���60�4�?��FOEO�vJ����@�r�t�@c�(�9Ws����
����uz;��?�Y�8��_���y�/-��.,0�,p���7�OU����}��� ��C����	�Oz҄���������Tn��q��$AYX�ExK�/nͥ�x�f��Y
3ib��䁞�}�۷'k�� �����w��Lm��n���\��}��o{��+uFw��C�ɉ�B�p���U�[����D�*��ûk?&^mw��J��`�>�(�و�D3�2��Z�Va5%K#Xև3j�d�Y�O��W:.��h��y�{�����c�Iv2s*�ӌ�b6{S��T��lI�R)�+������\|�Q��_G�:�Kp��[7����x�g�T�
�/�&�
k��F�+T]���j��. 	� ��J5�9$��0�~_;��Bj;��6Ϣ�u�]�8� -�R)�x1���	���J����H�]���M���Pˠ�e��؉�|9�#� �b	��v��	?ڔ""p�2�@m1D�կq'n�)6����Xt��fkB�jX���_�.3R�잘y�Cy�S*��oLn>���2�dfo<��={�5u���ԇbJ׆od[w)�[#��P�~bˉ�<5�_��oG�;[FO/=<��]N=�W;��[��!*��*:�(��[��ZY�}Ԡwp�3�����pր��ȗ�J-̆�����<���J>�v��^6����f�1������VϿ鮶�&�3|�V�Z��,���Z�^ɺ��˲V�����6XcS_B[&@($���e���4)�3	�!� b��4e&������L���63xx�d:SD����vZ���:g��t�����W���䂜�b,�EŌT�W|~}FӮL�?�x.Ƴ|��w�?��^���W9�W�hPo�j��Ǉ��w��~�WH-x�d_�WT��R��*�ѱ�|/�y6@�՗W��Ҕ��4*�UJc+4�.�9Z�m\��dQ��/������S��b�{���\��(�b�P{�a����'��5R{8<o�lv5[��[f�b��w���� ��kSFR����%�B�nG��C�sv<��H��1��sO��F�W|�*""n��(��T� �I Ѓ�XR{XM���v���D1��A�a����BcT�:���[�J-)��_�͊S�nɸݾP�	�""��Q%�#�8QE_LF!����t��gD1n%M�@�'<р%.ڭ�?�[�����""S�|��!�p����s�?�0�Щƹf��v�uTiA$�ˈ���v�U��<@,�p�;�;�gHU���7tx ��T�p���.��ֈ���%�0����x���h���* j�6��J�+�9�xE""�`�7�܁�T�xbעǂ0���ZuύN�&�x�(�б�?��gi�q�9��K�+Tf�� �kn�t�O�%n��:�bD$b�FJ-�_�Z�27��U�'��N�n�h����Z��BV��f )��>�#����{��F�oIY˰�hipNͩ�[0�d(��d�x�Iٟ��y�:��nRH,L
ޢ���""��7S,���������J� )��\��6���U:�D��hUm)��կ7q�O�X�j��}՝�ײ/+�R�������rN+*T�p��/�{u��>�� �G���y�R;��6Day~�,E:���5""�m�0O�3M�C��""�@�G��nF�>�{�N��eÀr����L�q�$�ٺ���*�3]G���];��k���h�h�L�)�}���S}����>鼜�\�,_�:�v�j�Baa0���܎~l����`3ٷ�1�m����-����ټI��|tM��]���r����0�*k��^+Q���iw8z�q��%���)T�)�P��݌,w�AP�KL�X�X����\ �Q$�r�hiE�0�1�Ԣ
.,*6�Y�/�A\4dv��,�v�)+AIV�͙]2��Q#��[`Ѐ��4;r��?��BP҂O��Cڔӧ��6UضLfW�^�P�FEVf��8J���_�/*M,ݿ�T�#O�Tٍ�e�Z��=˴���Y踪�=UB�wu�Rx*�CǛ��&�]�2�Ŭ���M���� �ŲXM���@�^�u���4S�N�Z~����
^�aY�r+�fpY�LȹbAz�������� ��v�+_4vi�Bo�J�\���0��O��ND�jg�[�=�Z���t9|�:��/���T��e��n&R��R.<N^ry����3�m����C��S�WVI]?�M�6����Hj/|�c8w�n�zΰg7�j5�B��v!��#�Xf��F�3�G�%��5���m�t�s���'�S�s�����mj�Fi� IGȂcl�ha��
�T���I��Ӹ�<6u9
T
��>	(it� ~�
8�����n��z���ѓ5�jXT�Q�,��2��Tm��\�����ӵ���O����O�����c��O��|���w�p�����k�_m~�E~�_[���B�aY)m���S�,y�ڐw��j�j�`l�i�m�m�sQ��xS��������K�L@����6pyؔ�icR��I��ض�:~�=���_������=��W�ھ��qⓒ��$M�4@���Z�]�VR@�*�u��5ڨJiK���v�>F��
��E��4����݇�*���s��!���=9�77�������x[c�th�i�`�T�A:1�ʄ��$�$I���-�l�21Y��ϑ�Ǒ�N�8�����6�F9+�!`n��
7�]����$�$qA�jy�bGN�~g����>r�[�7$ {3� e�5X>���X,Ů�)��R�k�7�a��⃡a���0�>��W!��W�a����Ģ�x2\����	<ͅP;8�檧N������_��>��4�����%AA-٧���NnY�ӧN�I����K��\/y|����Qᰮ�,�q�~.�į.�8|m��蝗��k#E�""hǙ��pd���`n0m0����gl�ğH�����<�;�c���U�b�43XbR͠�N�+l0 .�C��.�H1�Ȟ6aӰ	��X�E8��(I��p�+�p{�V��d�����%� ������n���@��;�'�С�ś��$$�i.�>e5�!�5�}���M%YMSN""P�axO
)E#�d�>i���f^;�6��B@�rF��&�F�h���7��p��b]�������
���F+�t|��a��d��d7���]$N�=R�4�+,w  e{�h��D��V��c���(��V��ܼr4�`L�U:lN�3iN��5���yQ���:,�43��R \������|""���th�X�����&ٜ��d��Y�Ȋ�P�@/�#&��0�$�ps||�L��""!�jea�qOh����""�KZ�Zj��-�gH�w�&�\�Z���^WX�u���E������p��]aÎ�cv�����H�nq$Z��~���t��ao�Q�)	z��g�;���-��~=��h7�'�ܬ{�������qJ�V���������m [[��cVhC-�}�4�g�6��s����@��E�W����^���̲��[��+/X�G�y=v���ޅ N""�5�6m���Qmrzp�����a=Z�QL�.�C)'A-��CS���BJK�����CGߐ_R�%�e����T�:Z_� �Ն�$)s��m�}�Ά(ᰮ5'����o\	<��Xj/�W���~�Q�s��K�&|gȵŻ�)$���OE�;_���jy��n���eo�u��Ϩ�+�<ϸwyθ�d��6�&�wn3�~�z�Q7�37��K�i(E����D����V�suV*���Ke��ϸ+|$*w%3�eߔ�*���P�+.���V��w�T���i�FH�\y�'z�cћ�;��C��?��y�$pS&,�$H��a��pNt;O�v����g�{C�lZ��eo�Ix��S��_k>���8�j/ �G���F>��aQ{�D�{����h�""I��0��H����l@�Ft���{9t��&�O�ǹ�d�q'�?�\4_xؐu�����h����2��f{��w7%q����n[�����p*�!�u���j�N-�y>�t(����H{(X\}���[X�?r��&���k�D*��n���B���o�y{�vR;�i�I�#�s���b��,kn��<����.������F�45[9�� j%L���,�3�:��h�E[T����۹���qr$wC�+�H��^qF�����2�����ɕ�F�""�K]�0D��A��Y�x�&V$�]""/F{��%d��#�j��|��/""l�%ɀ/��,��Q�P���%Ц �L��%3·	=�-�i�J�JM���jl�
/;����>W��2�	�a���]��‷�M���ՃS���w:p^�����ۆ:Ve2��wj��gNdLD{6�?����;�U,�L^��vy_f/�s҅X�c��y�I�}���uj:�ҷ$��*9t�TrE""操Uo�0�&���M�]�z5��5pT�8�6��`�����3¬�{��		ir
}�bߥ��
X��nֽ�RnT)7��@0�Ϊ7T8��UY��U�B�P��� �D�A3Lu韴�s6V�qҫƟ�+G� ;��#���X�-*jAC���	b� �>S��Rs{eGa�j1X;���������9�bVI�D\�Fި��B��d�Z\�Λ����Ww=r|�[���X�L �ч�~[��ik�ؤO����M����0s���\�d}�?��<*�#���7�j�TDgzf�'�b��#jb$��d��-�hb4&&�#**j�<A��A�{�� �&c ��t��%������>]5�U�Sߙ��0��FH	 n�$[�x_��V�v�Kux�z���U|xۯ@#>?�i %��yp�] j0@�) ͒����P�5��� �8 �5h�����AAAAAAAAAAAAA��� ��xU�Џs�ꓼ��*������$7wY��Y�f��^u�����Ƿ�_���b2[�T�+M�6kޢe�ցm^mۮ}���:w����׻��٫w�7�����[�������?�{���>��:��9*��OG������?�ˉ_}=�o'7e���3��1k��ȹQ�1��/�]�h�?.Y�l�
X�j������oظ��9!���lݖ�=eG�δ�]�3��ݷ?���C���d�=������8u����s��f��(���'Z�O�j�4�Йt�t[ȟ�$�NQCk�$=f5�@����4T�#EI����fc8l�5T���+���[���R>T>V�*�J�R�h�=�Rnio�oZi:h*36�4G�4�[t7KmK]K}��E�4�4��������{��UPuj�K�V}��j��Bm��c�p5B�Tc���Z5IMQ3Խj����T�ԛ� kwk�u�u�5�:�:���V>��mf�[�픭�Vd�H�8�!��\>�� �k��^�����**��o�8�̺t[)�Bh2E�4��z*�'���H��aR�4OZ(He�i�5dʍ`7�(��I髄T�1D	WҔl�rIy�<6�)�4�k��i�y�9��""�:<��cuC-#��a��4B^��Ʃ	/���i\�ity��(kOch+h�k�Yl����Yۃ���P����N<��>��4*���Q��S��zD��(�|�<�f nù!�G �
�������z$�;;;:�;�:_u�q:[;[:[8�;�:�8�N��s��#��-�/^�X�X�pl��R�����p:�;�:�}��A������@{S�����mG�T+ќ��j�(-[���k�uDۨm�zk�Z-@�hf�x%����?3T����`����e ^E|a�t��}��r�e^���w�3d�v Rc)L���i�~��'��\��r�Us��}~�Y�T��""}���a�.���a����t�����#�#�E;�O��������U��\V]'qi�1�`=D�,�]X7a6̇hX�axA�j&,�2��`)D�!��=X	��#XIp�a�#!FA���pnA(���P [�(��pNC!|
���B��1����!��x�&���L��a8����w0�@:���0�a܁����R�!!C	\���r\�?�oP�n�2T�J\��q��Zԣz��r����7�F܄6��͘����[p+n�d܎)���Y��hLŝ���kb-܍X��օ�p�7���X`������ B�m���c6��h@#�l�~��p4�-��G��b��q<���*Z�$�)<��x2�l�M�\�x��i;��J���F鴋vS������S id�K�b�LW�*]��t�n�-r�m�C%t�~�R�Get��CzD���N3�{����Y4��P$��o�h���{�zBO�r�3��ʩ�C�c���sg2�3��j�7W-V�y�:�.�Ǽ���X�Q�;��#��:�.�+b��k�uփ�������7X_���E�*��oʷd�|[�#��w��R��~�>B?K?[?G�����G�c�����������do��m6���wh�$wc���ų�,�%�$��me�X2��R���v�4��v��,��sP������g�� ;���,�a�,�e�X.�E�����c��3X��Y[����Κ�]ܥ�܂�����C �k�����|<���C)�'���B��/�G���_�ˡ+����C�B�C7B7C�t]S�ҵu]W���u�P7ҍu�T7��u?��M�T98Ͷ�r�N�r�)G��r�+���r��('��r��*#�4���9SΒ��9W��s薺�n��趺�n�;���~�?菺��;ˣ�<.Oȓ�<-��yV����yQ^��ؾ���o�_�ov�$7+�\���گ�x+މ��� >���H_�7QL$�d�""RE��x�V;�)D��i2�N� K G�@�)e�L�Y��,�U��)e���rQn�Cy)_ڊ��M �(#�RQ�
R!*LE�(�Q8��u�U?ԏ�c�I�_t�|Mũ��RT��PY*G�EPE��|CSh*E�4�NQ4�f�,�Msh�|K�h�|'����$?�/2Q~��d�L�)2U~g��b�̊5Nǖ��N�8#g�̜��r6�n����sqn��y9�Hh���_�?q~���pA���7p!.�E����s�s1.�%�$���\����M��n�r9.�8���o�w�;�""W��\��r5��5�&���\��r=���!7��f7�fܜ[pKnŭ�M�4��-���܁;r'��]�+w��܃{r/���{s����?��<�����W�����ڬ1k�:k��Hţy��q<�'�D�ēy
O�H����g��F;܎�#�(;ڎ1���esŎ���x;�N���d;�N����M��6Ŧ��� �i{�&س��=o/Y����}�Q<�g�,��sx.������""^�Kx)/��:�W�J��^ūy��u��y��RZF�i��h��U����dZK�(�����x�H�8^��T�]?1;�NqG���}�@ ��	����Z�Z�ڢ��@{t@GtBgtAWtCw�@O�Bo�A_��t1]M7���0�0C0Tԅta�x��袢���t�'�.���:BW4=LO����C�0��<�� �6]b�-(�a��Qb9Fc�b�c&b&c
�""��
LG-���,����<��,�""o	c	�z��˱+��ϱk����؀8�c#6a3~�l�6l���.����>���!�����Q�q��}?��8��8��/�K�J�c��!�1��s�^��:�۽hQ�[.j�	b��1b�wJD�Rf��g���9d�#�9f��椹f���v��nn���9mΘ��.�����.���
<�s��K��?x��o����	�����oHB2RLs֜3��s��7�C��\4��cs��6w�]��E{���ʭvk�Z��ź�n��s�n���6�����ms�����r�����s��w�r_�7w�qG�1wܝp'�)��]�Ku�/ك��p�� ]`��A��`�����Kpg�9w�]p�%��]�.�����������_�ARUW��s��nAF��$B� �00�HXd�a�a(VIz���4�L7�=C�BLX� FYD%�d�RZ��&Ah�$A��B��i���O�����[��s�=���w��^_�o�o�����#�a�+U�O��9(��#9,�#�us���N��G~���Q��d��&��:�0	+JU+����$��I�RWu�l�֒fƣI���gdJ�,N�
󫒰�\�Poj�<ާQqh�Dnה����7A)z@ĝ�Q���c>�b�c�j����+}U�3��=Y-�|�Z�14uw/�;|c�
���!���g5�F��w���gP&��wGY�Ε��""����g��=5�1*Ƭ�Zcwur�t�}�<��-4��8+άߵĿ�X�O8��v��a����b�r�Fݙ2`\�i���� ��X'�ҕ�����[.��Z.ߵt�}�Dwp�;Ìc��]~����AP�`�<@]MC���w�k�;z�])���28Z����'�Vw�蔡�-�.�+""���F�Q<.M׽B!�,*��t�����@��S'�ʏZ�zh�*�sh�+�eq
tA8Ruh��}F�n�|���\(R���������@��W��н����w0?,��t�#p�`�c�h��Oa���tYi��긣ǀ<=8X`�Ƭ�:fYښ�oV@�jfu��D�GA�G�����Xz������'Z�!Vynx��t����~P����ew^cA�+�""~���D�D���	��K����q��\���B�����������""��Fé=p��9�v���\�~�^?&��r��y���d��\ffR;Ns����T(�)b*�0�S�YJ�{Ҕ�NJ����р�}˜�x�3�M���Ļ�\G�2��]�NEo�&Q#""��E�'����'�����_��5O���\���n�C�G�e#�m�nt�OPd,i0�#ԓnS�ӓ���|jh���X��\@���f�5�q{2�e�I-�q:H��""�gV�c4�۟���ܸ���N���j��������4�^��܆�i8��h
��R��mt?�>�`�j0x�p�&>����(�Ǐ�n{,���ԋ���N�9���8dO�oi-����UGc5�N~��)܀��.�JEˡq����ut�p*�I�+sm�""r�0$�N��}ɵx$O������{������/�t
�^�v�Q�FM�z6�a�2_1�f��3Gg���� d�^`��\��U����t�����d�)$ί�m�g�>�+{$x̦9h;@�!kn͙��""HH���򅚫�R3>���k��a�K�4���D�Cƙ� �ۀy�MU�9]�x������D6�1�Ym^�Wط�6������� YJi<��ѧt�n��܅����<���\�g�������Tk՛��`��1��g��<��'*��AЮ��Z��b��q3mG5p��ӷ�K=hۂ�r.O�i<���|R�e��%�X5Q�U+5�H5�G�S�Ts^�eb��NN��B4t�ܣ�~�c]S�ӥ��w᭽��K���[p��6��܊�����G�x�s1O�U��O��+���,�E�
��gj�zI-W[�Q�0l���	m�9��7�yFx�z{{�}o��]u�t��D�D����o�أ��v���^mo�7ٻ�u�""j���h�p�d� �F�C����|�ҋh����J ���t�Π]����eW���tj�͹#�%��q>r����׼���r~�w�n��G�W�Y�o�:ߐ���t�,�+�e��J�X�ge�,�7d�����rB�KB5�'��l���T��j�ڮ����juN݀m�����H3~a�g�ְS��`������g�g�g�����m�������qR6��qJ�yqk�)�/[�%>$��H
�橊���1�Cd�J�j
?�s�; 
6L����<�8ř��<�Q�W�Λ�Ÿo#~g��4������q�,{)��Ļq��d�|n�Ru���I�����\�9@�-��;�F��y�*XK:���j<ݔ~Jm���;���ʹN*e�l��	������� ���e�d�/Ge.o3<���B��ʇ��K-dY���!_�tR��Վ���a��s4�/��6p��঴�g@��|Y��G��r[-�b���@�ro�A	9����]1�O�p�<���N�r��U�u�Ͻ��A׈"" ��'�	Z��uw�t�Z��h����&V[[�4�)՚�Qk2f2�������`k4v�ؘ��t2c2kQ�Ď���w��8ӿ�oϽ�{��}����i�S���(�Ie��>��<�j�R{�r����~�Onۻձw��t�I�O*Ej�����9�3�ne��om՞�i�vŹ�6s?2�9Ԣ7(�]�Y8���xqR�;wx-���}���혉��!s�A����WCm�@��w!k�(O""���`����'�ԙ6��8��*��~��Su
};��1T�.��i������Kl;n]/SCx�x3�ʧ�ߒ�:_��E��e��}��s�?TTX�?��Yy�3�}�����Y�S2&OJ�����qi�cSƸ�MU8� Qѭ����UUE�o4A�4L������c�馏���s�(O_�ӗ�dn��ʋ
���[g�e��!�;FX�d�F�w�v���)m�b=hU>�f#L�=6�o�W�Rw�X4Ǣee�Y�b&<#����JCPV�Z�F@D`)���VkYm(��x�E���K��҅�r�ᷜr}��m׻��Q75G
R[�֦!Ki
�5&`݀���)��������l�NY���i>�[kCí�c�幕�K��8�����Vb�Ze�&�V��K�6sm�#˴h�fOOV��������Y2 ��B+����U3����v���]ZU����(#�s%t�Z�<�s�ʓ�P�[�j��Kx�йb�����qo,na9����a�}D��ׅ��A^�p�d�s��W?|o�7Ɨ�re��+�kӣǄ�8�w��;R:]s������y���Ք�A��e)��-��~4.�QƦ�O���++X�J����]�2jf�Yl;x��Q���V�qN�U��c\���o��Ё ��O� _b�`&�x	x[H�O9WP�z�> ��5������y��4��?`�>��>�5�gԍ�qG�}�Ӱo��9H1ǻ�o���v�Q����'����bܠ�Ci��.*9v��R��뼓�a�`��!t4��ˆ~��gcL��Ч���7�P�i�E�;��^'��-�~�V�vZ)�^BJ���ZG��}�""�-��ؓ�?�}��bn�p�⻇{��G|����-`.�2��ү�bzB��#�t�.ༀ�����j+e:s�c�v��/�h��������`+p�D����s��y�ÿK9r�k�o��Opn�$Z�q�i���I�E?י�R��t@�����0~>ֺ�8ԍ��Dl=��E 0�V_�����)�,��EO(���X��O�
��!7$y�7!��R\&�:J�-r�Ȼ	)��j\�F��S�6��,���1��;	^�F�t��#yj��������h)j��`��X�e���ؿ̏�q""G�<�;_��-��;�1�#2���Ľ�=��/���0��p=}��@ae��|TE+�s����j��3��p��T��~{g����7c��~K�v����n�~j�D�e˼��~+��ɋ��_""�ڛ���,B�^�F��v��+�0N�_5QYG��>^��+T!�>g��ۨ�?E���'} �=�$�:!sA���K�c�읏�o:W����������ww�=�G@:��+��T�Bh�
TBc�H���o��""�@i�$� m���6A�@��hEkuh;P01������x�|�S��_��}{��{��s��_��S�5�F`.UzJ�B���M�TY��Aձ�g���>�\��k�:7���;���Q���YIE��3�5���W1ƲF �dp����:���q�b�ݑ�������̪;W�yX�S��wZ�\���絧H�M""zC4��Wr?��>5�iq4R0S�/si�*�)�*�)�UZ+�����b����'����e.�����O��1���{F,�F,~��5C4���������b���'�=]��B��%�_�~}�H=������|R-磡|^�&S����Mt(�G��z���B=N/�;���Q�z�Ϩ��^�-���V�G�U+�J-�	j޷����|A��<�{��^Q����P:d�Żޣ
�T��wRGO��q*���4+�O�/��OS�g��������_��������x��g̱4k�.��Zg��T��:fe""�D��t�ޕ��""x��x����#���^�~7�i0�}�����>��J�xqf.���~Я᯸�k|ӆ*�U���`��q�)@{��q�G<�2�-^�y<_���v�{ܶ���n���S`��k@��l�����@�%�S����\�q������[r�Xo�y���j��-�Oy,[%�I\��&�T�I�""��&�������R�gK%�Y+������}�p���}uR�s8�ӤV��S�����-b� Osk��g(Y�t%�x�:n�v�tm�5b]�M��W㍓�eg�j+۩�|�k��3�p�+u���������PO�'���j\���T�����;�V:ev�o���{�p
��.�=_S��+:���&�or7cm�N���7���Ñ3|8�D)�r�9.7[""re8�+�4]�&�����IDc�8���97�E�~͖<;��/��U%�����Θ��z4�皭����7̋�=���V���,�I41��_���.�[:��yH���m��`����^��u��-�D��$���juH����S%�Z���t�z�{s��l���#Yׁc��K#�̥��#ݣ��Uz�x�X��0�F2���$~7�ݠ>�>��|�
�&H�gC�m�z��*��e��z��_����b�ECe�4���\��0� �u�J����-s4o�y8�x�Lu�g1��c��;�a?��j#j�$��:��9�˺�$��ƾ�D]�I�{���F�,�=�""G� �#:x�wu�qJ�J��?Pӥ�>��*�]�l��9ځ=80��Z|?�fB�e�]1D�R+4������e@�bՑ6���\P�^s��؜L����bo�v�}�x�]��]lF�g4�GKϵ�GK��AО�%���{{A{�V��㿀-�s� h�݊wA��A?�부��Q�k�1���㰉��m@���x���~n""�:Xp�@;;�������ߍ��N�߀v��<�i��x�*���iЂ�d�_;�k�U�f��� H�|w<�_ƾ	����o~p=�7����\��A���A�	ր�������i�C[r.X|<yk4}�����Ze�� gu��G<��V�o��b��:�v7���rD*b�6���K]��3fO�K�}+4S��3�y鲹ϧ�f{ ��2ށ�=PS�<6�������� ��1�x��|JG<-�q6���v�aRw꜊\ЦtE �-�?)�}�/�Q����l�I�~��ۼ��«ڬ���_A̮�l�Tk�ͼB��/� s>��m��N""�d}�,��2��Dr�3$:���P缈�\��[L'�c�QO��)>���&�����|:� j�F<Ϧ�k�;&�<�Ar��~_Cګ�>��[�]����R��w��������;���J�""s�Q�5���j
O��cx���3�_�t��VS�5�>����>]ŷ����P�h���e=;��Y��ٗ�A�?ƥV2�}fm����d�Ys�*<�z��I|P�7XH����=��W�ƫІ3I�����-uc�nsf�u�3g�ﰏ����/�Q�;���Y���c���m�^�bֹFk�ƶ���d���}�^5_�iM(��^��V�þ�l����{�5�R��z���-Z��;7�<��뽆}���nl�S�^��_c���k5����uc�m���z�Zm��·n�|��&`>���׳���?m�1�����	s���֯����Qm�خ�ϊ_�W?'�m�����ZC�������(�E��f�v�:��~���R�J��v��
�H�Ai�=!��et�u����oi9(��'4n������ǳ/��K��9��V��S�}ϻ����5�|��O��e�}j1N��'ݣk魋??�����{���x�?k��}�/kޭ��[��(�V��k쳬�����|�:P#�	ϟv1n��;���-�ޤ�<��qk�}���x�r[��0�nڌ�w1f5�>�Sb�]�%
^MVf��$�k����5�S$�J�����1_��4���g}~?��;J�/�e�������QQ�0�c�*�k�5���6B˘Cі[%c;I��K���(R&j�T	Em�Fj����N�~�|����F��?>���wy�s��{q'�z�VՓ/0߻ ;�m� �@�9�%""Ż�Y��=e7�ӜV�;�o �m�t���F���v���W��y*��� �@��	k^���
� �""]��yȷ�3� ��:�,�G�(�ŸC���@�����hO2�~)�S:4�p=��·ȁ�6e{�F峲��0�!���3�M""5}���˕\ ��5��^��i�|��-s��ΉϹLD�,��re)��V�3){c��I��l��F��T�GR�:���l	=�ӄ2Dc.R���4Lw.�[ I�Q[���""�F�)�@��JF��]��ӏ��~�ge�^�14[��7E7��g4UD��h�$������_1���8����#= F�Y�����'T�Re��_�Q��ŗT	�ۜ�x��޻���k5ƙ-@Oc�À����`r����7^�R]f��x����>�;ZCυYm���C�d��j{��������f�E��6��|��w�L�L���f�`<���$��X�f�*{6������ ���f,���6��=�6��x�^�{D#.2������T5����;|W���ߜeSn���ڶߣ�&ޛ���/Dc��lL��C����.�sį�{�9���f߈�����x�R�^q��;�/b&��Q&�yX z���^Y3g�nFCA���A�W�@���Tx�����A_��`��:���5͹A	���cR.E;�o�E ?��t��s}wNtI7.��y�1C:��Y#�'�zX\�Lܧ�Zu0�S'�v�t1|��ܩz���vO��S��+�o ި�jR�����*�6�)�#�s�?�`8��ƸS�ا�1���(5�8g��ts[{�}z�z���S_����&4�D���eW���SO��
ᮦ� ��8#�n�ϻM���i$��_]��m�wp�e�K�{�5���׫z""oD�4]�=6�gC�!�B���	�VZ	��6�ėi �3~���,�(ś��.�e�#��I�p�m#��Nu�Ų�9���rj�4V��|���m�XI��VS�.	,
��橶�e����� ϔ�@�A�\��kA""��/����o��(���5���u<�ɿ�z=T8���;7�F�w�����4Gi�ƺ����9(�3}��|Ŷ�x�?�ֆJ06Y{�a�)�o����;*�}�!{*��c��S������֦M���<�^�ɶ��l�}�?+�KC��-�hb�9�ߗ���ì���Y��>�	�o�s6�Bs�a���������G����c=���63��U��Z����l��OoO�v�uM��g������=�s��[�S����~��AoB����G��B�w	t�g���M_:�r _UE�k0m��c�g�g��kf��>�{��f�E��|(���,��7b������b��YfL�@	 �������:?��:L-�]���l���A)7�a}%A��tB�@���WCԩ�WUN!_B��\+!Ќ�-�hWL���Oo1��Jx����t�XO��i���B��͟���g�V3�;W��l������3��T:�Bs.��=�X�i��	�T]�x㨆�
�V��X?�3HTd�{���]�̫�^|X�培�8Kgq��}���[���W������b�g4�N�1�j=bC��Lޭ: f���c��O����E/:�a�U�I=�ktW}��}8Щj}�8���p'��z���Wߤ8=���Ce����9����>��W�q����s4K/�K�>�����G�""�A'�7R���z����*	��Nz�	�E~�\��uꯓ��No�I�%ЉfFQ@_���������r�N'�2�6�sri�s���q�i�=���@5�N2HM�U�jR��H�dtnM�{��˻��aޠ�������
��)zV�E���Q=B�α`��L��5�&˨)|��}NN����(��w(F�GY�:ʷ�j�E�(�R�(V���7Rg��q�>tS��!P���R�voQtX��(&ܡh��x��K��'�f%�����r��7],�w����yX���W����nG���87���@��U�Y�U�?�G�M�>��3����8��Z��So�B1�w��3�]�y���ɻi��~��~��=�:p���0*
ԥ�VӴ��r%����i��`������=��2�ֺNٺ}j���*�������l�!pgŊa��$��i l߂��w���M�N6��:h$��M�
�@�z ���D��kەO�X>�D�?SN�|����.�C�}��(:3�=M+����:��M�?�UUu��}�����gB� &o��K���{Y�������f舦N#Š�@�!H�������V��a�[�	I��R�43���P)�R�H�Z������}�g���{���{�VOaOm9���y.��!�ɼ��
�����־�)�_�9���9��
�o�����a\��X������#/�O�""ܧf��Ӷ�Te""��ߑ��n�*���P�d9�_���~�\5���0�^]M?��h�jB�o�t�I����""j��)]m�j�Q�����T: �VJ@�Q��h*7L�0�Ir�]�=���to�ث��MR`�xi����������yx>�""#��}�(}6�l�mb��M�JO�d�!�4)��n,m�B���#27�J�4Uz�S������&�S""�9&2/O�=�T⽔�˥T�m���� ��d>��KQ�]p��N�����~�,�[Z
�8�u��O�{�L��V�e.�$m\�ƕK��nݵO��,�J٫6D9ڐ8���.��������C�N����8T[�:i�X�#���KC�^W%�O�'�����;m�p���K *q�u!'��?X�ɜ���v�� =���G�
�5�⸐:Yܐ���#Wl����'@��A�_@��A}�ئ���_�����W���h	=�|�.����4�}]�k��F��6H��7��\�D�6�T��h֟�?A��F��1�Zнx�!�-��""�;���""�XE*�T�|���w�>&��M�
_��MjX��]�&��""�\��a7A��~�i)�/�rm�cz; =�pϦ�oU����8e����gp����""�KĻ)-�V��xKN�I�-i��g��n7!�'#��L[�8A�m�8�/��'ԤN��J�w�2�E���W�&�������7@��8W���#��
����38���q�~�;��v�\�7�o� ����J��!�׎w���n�g�Vצ�A�_!�=�6�kn�tV�S6�]���s�G%|������Y�r��[�@��%x��)�8e3�þ��%u���+�[���}�m2� `��}�w�v� �?�&��.��&�	�NgL�;*�̘1�gJ(�'^>�:KG ~Px�wRirT����e����ш�{x/U�L�΄r����[�����q����C�g����t�@�Q��|������R���+���E3��ESZ��4vAeL�� c�g���_���}F��x�g4��{|F�`�Y��w��,�%��?s^&����4��>(9��uA3��8���)�2c��
���PG('S��j�?`���;&{�	��	�7Iv�9c��d5�ަB�}�����j]�c���<�a�$�����a,`���tU�~ʩ]n�F��XS6/�	.�,\I##�J��7�nVD��������m��;�Wv����		e�c~���絉 ��3�4��UӴԕڌ��+vheX6i�M�m��UK�'A��6^l�?(��A�Cϡ�(�x�� ޼�h��5������!;o�}?�����0����hO��U�����J��w��S�+��X�+�^ �צ�2��8�_4��cc�>�sߋJ�6lf)�Bo�'��U:i��W蔟�.W0�&�2�0�c�y��[�y���2W�>ER����_�s��2�'+٭��.�D'���w��{�D�'�I��'6I��d�%]����a5�nQ��UU�j@UT��z��	&��`H�`@�9)�W��V����""�Rg+v&�������l�i�D������d��ɿgt7�N�z=�y�F�xR�+w<�Ƴ����v��q��ۅu�;j���������Z�6��~mZdg�|���{Š���|8��d���kV���	�d+8��1��锳�AA�E=�c�(""0��y�M��h���XQ�Q\����%j�ʔJ&0�J�)f|�[2k?1�!�&�����n�D�Q@̨@�]Q ��.)�nȺ/|� �Kr̗�|y	d��ڹ�+�Ib{$[VQ�:�۶�̀���Gn�/�uQ#sx���z���{N�x|��Ԯ�/í�(�&po�I����BW���{kMҮ�I�5)�f��/uy��=�`���4+��_͸���yם͋F��GF'�eð����,-���� ��@P\b��.�q������۬�(b������0�W��""�C�/YL3X�w���pL�v�� ��9\��E��E� ��F2
endstreamendobj274 0 obj< >stream
H�d�	XT����;�(((��f`@E���%*�Ƥ��+�""*(AꞪ�%j�VӪmM�խ*�5��D��﫩�AP�]T""���hLL��޹����}���}��@ `1o�H�R�ݬ#W�������5{I9@q@}�:;ϰ�������/�ș�=z���{�'Jּ��O��u�QfzJZ�'�[��s��-S�kk���3����9~Q���[e�LMqF;7�o�|�S��x-�������3R��c?OJ�Z��,ș9+��1""�����9��99�\~�?
��ZH�`��)J��Wly^�ydp���C��(�B�^��	��B4��}-�����Q�cw�\0�u��s5i�&�U�v����4�pD�7����rZEh#m�mT@�]�
�E.n�Qܝy4'�8N�|^��,_%��XZJ���n/sd����e�l��R _�*HŨ~�ejm��֚������5{�.�(���1����1:F�c�2�9� ��(�Jz��8R�H�Q��8×b~A""D�j92_�jkd��Ev�~9�Z�`���Z��=$�$19p�&���6�� ��$�k�F��!��I,6�zH4���H˺�$iͭ�/I$[�<$���_��e;�!��!1;�F؉g�&!���i��?�-�w�j��ns.w��eq����.}�;:�r��=��v�'��F�~q��g�+F�$��@��{1�z���5�O;TWTvGJ���k���ecʔ�ng8��]zG����G#G����Ҟdث�����\�Jp��'��ᙵW�^C�*�^��dKɇ�XWB��	�/+���ʗEeEՀ����VH���.Ϸ�&�f��^s=�\ɓ����m���J��:����*z.9�񴕓��kR�M�f~u��I�fOۼ�|���៵<��ձ�k/[���~s�����W������ź��2�'��`�BuT�R+uR���ܗ�+�bWy�5K�UͭZ����>���1�L�T,�r��j���{q qRA�)R䱺��(���#�O��GM)�B)�:S$��HMch<��4zW笥��֊S���'�床W�� ���U���""��Q����TW5G��YuU-U�䆺._�!�+{e��
4�u�M�m���Ag��1��&�1y��,��j�֢��ğp�(Wq�@JQ�[D��S8)��Qj��ԃ�)�zR�S9�6��tʦ:ߌ��������?��5n�|Tn#���Bp�I��z�B����j�xj�����	�?FRȂa��d�
�20�B�Dm��SL�N�@1�LH�(�S7�QW�L�ƻ�&�ke]HÑO�x�����a%���4k)kh>���=e�C�����]��i�Pv����b�G-�aZ�#8�U�4m@!��4!T��8�G�Us����Mu>�����K>Z�F ���)�h��XB��:J�h*������T�*RvU��XU���P�V'�uX}�N�c�ߖN|G�uVn�w%B�Kg��(���R�!.�""���\�7�Rl|��$L:HG��K��ӹ�=WK���c~�O%NzJ4ߓ.|_�����;?�Z�@a$""��r�ժ1LzIo�#op��U����ϸV�K<ױ�]t����s��TJet]kQ	]��|�����k�:J��)*�З�����""}G���=]�b�`W�A7�&Gs�r��~<�� ��x�G���x��)�̓8��s��x�果�i<�3y*Oֺ7����?0�n���t�s��Cw9���,��y�My6=�9T�s�1ϣ'<_U�ꦪT�T���a�ګ���_�V��P��ܙ��܋Np��1^��mW���Ȓ�%�@��y� �Vv�iOۓ '���vH�%�{���Nى�����G�J��e��2
_l��t��~��)����<�Y��4�i�:�޹��H��o��{D��G�|L|������1ϊO�8n)'�p3?�1>͒�p��r?�	9�����q?�(w�c���|N�?���ۼ��ß��j~�?���|?���s8��˟�����y܇^���E����_��x��.��i~��ȯ�����C���8�?�/�O�&�����/���+�s��/��_�ּ�,�=!*t^����,5�	J�~���N�g����;�_i)��:�m��[��-���������ql}S0�""�C��n�!�4�W�cZIЈXA%q�tPi�XC{D����h���b-͈�t���b���tH��b�(��K� �""ҫb�^3�����EHs�!��8G����-����Ke�������g�_�wb���eQ�����/��;e]rPn�#�&��&y�,�^9,��Y�Uy��,��V9!Gq�|W��_���P����o�'��a��|L����<)���r��!��A�S�-_�/�eN����/-_���?b����{���ލ_�H[���qڅ���5�ô��i��t�
;�>���m�l㴟��1EG�}��Cb�}�OQ@{��N�Q��FC���:�Ǭ&�?h�'�s3tրݏ�g+M�c_~��g�~���O� <��TZyu�6�ԕ�0�j̈́�ݹU�T��9ќ�{�&���&�h;F���P4�[u]ݖQ�����ӄG ,�mǭ�N�Wm�!Ө�;~�;5����T'�s��J�0�y%n�J�$�.ũA����7T�8�S��2.���(e�d��e�0��S� E���y;�zW�1��\�ر'1'�VX6��R�%a&�r��]�q^��H�Q&x�� GV9F��<�5���Q��a�0��c1ݲ�3�7Z�͎.;�3:��Fk	""r¸s1	0�ёL̚9�9�r��H�d�n}��C״O\��<���[%��@�����I������H�	W�!~Z(�+E�ӌ�¥�;�fC�\�_�f��ޢ(r������L�*�uWw�v?W��ښ�EGE����6T�J'���>��գ9""ַ3QT��`�R�C�	��jR�yJK��pq��3��Ze~��*�EH�ۛf�Z҅FV�ZtP#ʴʹ�\���F�۽�6�i̋;ҷ)��3�fG���""}��d�ɤ���ĸU7�F����%?U*L��%����-�t�l�/�6h0ڮA�4F}�l5MkkL,5ڕ]�r��F�nZ���)%�t�b,�rKs�m�t���(�;AL��Ną1��@ӹw�ݑ��InJG�9��1��UUu��{��6I�`M��d7%�n�d�H���	�$n���g�l(n�
P*K1�E7�
8iia��NA�L�h�(-��)-������vY�%��ɗsλ��s��ι�&�T0������AI��o�iڵ���`���֣B,ru���d�]S�?�0�Ȕ��;
:+��S""���3�BJ2���HrC������Ǖ�:X6;�<8.�ѹ��hz9�/��� ����u8G�	��M|[ocߛ1JX^�6�fy��o�Z�׵��=u�#IT�����\v������b'�m���(��X��g�+ȶ(��<���K�� �	/^,yH>cnC.U��1^ �L�2��ڏ!���@�uSs'��]qк�WoS�� ̏x<�Y�x��ЈvH�:}^ن(n�-^A.����R#U5p��ܓr��ʋ=�v�����R�F���h�w-��ro��YJD㌼�H�4��Tm������y�p�����v�:(�����Ky�\���Pl������t�%)g�S�,�����=!����3idQdއ�ё<�c�y�rX��-���+I�!4��и鷏ṽH�	���[df��:TQW�k%2��J�8+{���Vd�g��C%����=?+_�JC��D�������ajG���?�����M�;��'�ʦ��k�7~��w�-/-z��{��|�?G�>�n3zF�lN������]:��*Hx���>S~F)��/��'ܝ`��TY9�t�L��`���Y�
�2�G>6�J㐩�R���@��]s��{��}��'�ָ��j�!�?|e>��a""��O�t�t�O�␄ ח�;V/C���������D;��a�Y6J([��� ���m ԻlXg �B�r���}T�[��J	2�1׾p��""��ԸF/B͉u�C��.غ˞S��D|�f����m�N���vÕ�t�8S���e�Kj2De�y8ϩ�:�DhY4�f!�S�-@�}��N]%(���@�#;Y:�K����C����w�����0y��t���e���a*`�\�- �N���8���Q�j�d�A�)�}ǵ�+�[����TgJI�[r^'�W��D�8������ �:%R.p�b������6��Ǵs�|#��g,y���!���� ����m��@���""���� �%�m��%�-7���3���O�)����:����r�ѶR��?�9���@������8a|y�����7��>��$Ww;����J�/�:ф9���0�x�E�9��m��1�˱���(�|��U��6'��q���Cg�����Jze�-�~b��"")��YHՆ��K��� �j3+�5���u�/���R�5c�F��v��q�)��	��X�!�c������_W_JY�'o�3V`��������9��o�Ȁҗ<����������W�1��k�{v�4b/�O���w_�B7<�%a0�j<��V�;��׭K�y�O�/�_]�""����Kt8ܲ�*_k�p�;�7��;%i8��x����}B]z�ϑG��r�Qhcp8���>�C�U#]�Aw���Pc(�4��*�*�.�1�+T�?���v!�c�=�+ngM��K��@���?�m�k�zxڞ?q��)��#6a��Գ��}�_��]8�9�'����I_�c[bL���cK��I�z��x5�o�nx��
`�w@_��A%ubmͲ��8��������d��C�!�W �q��=%s���^a�Lr�'�\���b,�)��؏��=�q�������_e�׻��8Ǹ�֋b�%�^�E>���6c4SY� �g�'�D����,�R�8<%mڂ��λ�� �4��P������п�ߟ�V��C�b�����b��|Z""��RZ��$��[��%r�sӎ�6��o��ށ��w�y؇�j,��x5��x������6�<�z��y*)Gb�v?���o��Y�lg;yNi��&��Y�kvܖw��||0�f��.�M�D��R��Ae�t�퇿*�	�-�u��$��ig��������!ꐣ�\Q�XWN�ȹgнb5h'i��R-xm��.M��
ic���� (q�nJO�����}1�m��CN��~ɮ! ϩ�:z�V��9ꋶ�R��3@�-�s�#){l�Ux#�I�����Y��Bݑ� �h?���ӫܧ�}Z7|?���<�Ϧ ����C���m�""\�:oP+#և�T����͎�H�{���.�`�z�\�VC��6�Oi��m��=LB��*�'0�=��w��R�p&WB.4�#�������,�4��8�[�""j�l2� o���l����v<�w��rM<�O��Di���I��^��FeitR�.�ك��� �4��)l��\-�]�����\������PWenx\���fy������z	�cy�_�5C{�-W�����W_l����C(Q	��;�!4��?�)1c�Zv�����-��nv�l�i��J����D�ڗ6uL�H���}�*��K�(o��Ҫ�k��h��o�|gRE�K%{��|��7���[�/:�	?�����<�����������_M��+�Tb\�-�hۻ�������~��S��{_��}��8�M�x>�N��3����.{ewN���5��S���R<�����)̗#|�{�w��wYN��/�_���v��0�t�C�>x������ܠ����m?�>��OP��������8  ��J�z~���7�7��?:�z}So�H/���ݦ�O�`��S��@'�	p	��� 	 �7�7qoU����C��;|�Ӭ�!?�ĿC�3 �����)���~�[�c""?���/�@�坱3v���;cg����팝�?�:��b�g���v�6�Y�mW��A�v�f�%����z����/�t'虘�b��$����%߉�;���ml_w_L'�O�t;艘���]��V�sgΝ�l�w�[
Ą�{�o��d�X�*f�r%PbV*�/K+#�+R�ߖ��/�X��-��b+Qr�@�JXrYV]OZ�v�g���+�)C��n���s,�����%\���eU.�I
�~��3l_��Jxj$�-�A�^̘n-k@�.i�Xz���Ū[��H?{�������L�� 6o��� 賹V2bF�5[)�-JE�^�}�	��%_�[f���2-WΪ𤯰�-��D������×����k��	�5�5��fQ��1����;��Ȉ%��N�^k,�$��H�
|��:�2�uK��X��5;�@���u���iQs-��gIay�b�V���l��X�T�iJG�BY�J�1����k�;��V<�� N�]�����覩�t�""i��""ed�4���%�ZuWth��X��H�PEwYR(QY7���:�^���p�(�|E-j�D�k�*@�m�G��m�23=QXϧƼ�U���c4D����톢�+�nݣ�rk����{�	v��΃��lf2��L%�7��E��86(�e�2ƪ�͂Wf�)z��%���Hr�s?�M+(y��A�hk�S�.��DV��Hi�9����4�:xz��I�I�+�6 n�����ê鿃�	���;�}�Ov�=|��Æ�+ڶ��1H9�Sl�e1�X�:밞����5b$�Ά�m��[tg)O.�Yh0(.-�eW�Th�]gsxf�j�!���iR��D�>�r�̃�7C�kTW[�U�К�sY��p����jz��-�Uצ^���Re��6[������f�{�ѣ+dCƚ-����4b�tiN�I����s�*�1��׹m6���f$�':���پKwq�	.�q��*�t�~�cM&t�m�a��*�k�k��ٽ��1�Ng2ݒOM�@k+��w�R-���Jٮ�"":�H�D�jSҤ�6lE����!���v��f]��tK]�X���uQ3��V�KkҸi��S$ٴc�Skn�x&ٍd��}U�3��Y5�|��O;�o��6Է�KwZ�*���/�sښ�F�7��zR��Rt��㨛��z�������~sH{��ѯB3��V��ƽT`l��Y
��GyT��Q��*I>J��T��y��-}�������,�{����0�r�+�^���]������3!�lȿ���R�m����L�����w�C����O�|~�>7���!�qz��	���$�>�Ư��꩐O��'S�ʉ2�։����O�|r`�_~2��!?��ǎ�|���$6�7E�/���s""˟=��c!��?�_��������?ݷ����O���k���g��p�秇^��u��ޥ'�Gy�p�����x?V�ǆ\�{""�G���ӽ#��.Y<<:��'4���gVn>�;��Zn�@aao�'ߑk˷=��.����u�r��}��Bg�v�v�X�Uh+�g��ю����|j��]��������ĝ��9��qs���:��\\x�H�+���]�7>�����oP������ړ�
��T*��Ad��J%Z�?���h=��͗TC4�oY9� Zm��
endstreamendobj275 0 obj< >stream
H�\��j�0��~
�Cq��	�����e{ �VR�""�9���8��	lK����җ����Aptfy�9.�z�s>�|���&���[�SKCTƀ���y�Ó�=�~g�h����;�~pB�PAӀ�A���f']�S��z�O�&����݌��d����$0/�B����N���YV�޴U%���=���&�G�a�-��l�X�����RL �vԯ  ��q�
endstreamendobj276 0 obj< >/Filter/CCITTFaxDecode/Height 990/Length 14089/Name/X/Subtype/Image/Type/XObject/Width 960>>stream
����,��u�rE�L�/�^�*�� �&�I��vAcKL$�""Ɵ���i���i��XV��>�+T�XAay7��+��7�.���`�bc��n��;�'a�E�rm܌{��~6��z��UEIqU�����N�En���1b��o�l8nF>��- ^�,��[4��aE�0�����Wѐ(7+�]V��H�&�#< ��@�����""I�lV� ���p`�������x#��n���gWwKnE���ؠl0J�l�ڨ|""餛�v�:�'u�uz��]�Av�>�|��ra~�}��}�~�qTCGeg׽�)ؐgmR��T����	��ƈ�ܧ��p�j�t����������׭(>�n�v���_	�����3�O��P�i���j�a��t]�҃���C������0�����""��Ҡ����t�wiv�z�k��m-��a�֒A����ӥ���{a���I�ݴۭ$������������]$K*߻iZ\?�L��-%���au��V,��V�k{gaa�����������B�:�cH4�f
�t��""�v����V�G~k""H]$N�| ޠ��o�ƨ?w	���S��m*I���!��[��6ڊ�p�0�I!�;V���Z�M�i-vO¤a��.���*�M� ��%I�`���i&؄�Up�`���%����� ��ղ!�p<:In̬�ڤ�N����e;�J9�	��a�QI�;S��ΝB����6��mV	;��;3��PJE)���k�0�_l�[s���;*��=�o;&�k�.�������!�/!�����w�2.����a���6�D6HP�0��߆� @n�����2���g�Q
W\>� �>���0ߧ�v:m �ҭ�������a�p�Op�i� �����@���vu��h D4 �9�L��K�M� �Xj�p�?�i�A+a�v8f�K����H ��e���aP;a @��(;�1��;ΒOi �!�e���t�$�i���P�=.�d�OAp�I�g�����b�A2�0m{��'�� �@0a�ֶ��	�A�@�z��v D�2������$�6�\S� @����O�)2X0p��mZ �0خ�Xo��0a���۶�� a�K�	�E����@@�	XA���5HD�����h$��A�a����5��	.0�>����
 @�3�aC4�47�
��~�a�AM�a��`� �l6تUr\0�Am�a�p�X@�%l0�իd
 V�0a���تK��z�A�H! ʐ^6T�+l �vL��Z3 \0�U��""����â`%m��B�2���1$��A3X ��oXa�@��$��""Ca�A9�)�����$&[�A8`�m��i$$AOD�0����� @�CI%b�A�f����4v��H ����m�A7���i$a�ҺD��l0�:A7`�6� @��I��D�a�H ݸm$	7�A�m��o
$�A�u% �l:��(m$&�	�$�n�o
G � �`��i[i""�(a��M���i$�O��I!��n���$J�W�Xa�Ư..HA@��
��z�0�it�a�I%q�],�M��94QwH ��P�A�����!�-$�l��R����a�]ö�* ���C@��4�0����f�$�p��i��n���A Dl�;|C4�a�kvr�#��/��m���A� ��Q��#���m��in�I��!�Ǆ��m���@�	 �""p��2�{����0��7�K�$�R1�a����[m���V�t�JA��\�w��m�l7�v�I �L���+���m��Km �AAH�:&��p�A��a�����B�IKQ�w��Gm��v��{�I%t��턁�6�v�۴�H �
�-��a�l=��I��UI�^�n�6�}�}}$�I M$��ð�m��m�J��A$��¤.��l6ݸm���ޒI$AA�Cn���m�{�a��Cp�$�֓t�a��v!��mk�A�H��m{g�m��m���j�RT�UI7��]��m��ZޒT�n��m�o{m��&<��	I�EPv�L0�a��0�6�W;I�OU�]�]U��m�{IxA�H$�+�����۶���a$�m$�T�H��ia�v�m��Ijv�	$J��=�3�v�l[l6'�֒�Mү��o��n�0����I$�(v�m���m��lBZh��� �ID""��vN�ov�m�s�L*A�J�J�����A\7�ݶ�0��p@ݤI �A�Ң�#���n�m��dH D;���J�Ok��w��y�!�T ۄ�H$�	 �F��ն���m�<��� ���U$�T��[m����^A�H �	$��	k�����[nm��M�I;I*IRV�w�%v;v�m�A=-�iu���aF��n�{�ҽoI$�I$�6���P·�m��i~���J����i��B;vݶ�$�%�$�I$�P�*��W<&���l6�A֕%���wN�wm��(�T�I;�&��v�m�ix ���HI$jN���P`��s�m�������Ta%J��a^�]��~��b뤒QIR����}�;m��tCǎ�$�$���Ωpݫa�m��m�J���4I""�)�����i6ݰl6�m��ڔ�zI+ �IU�|{M�@��a��m��/�$�2`�A%иx0��0�	�m��a��$ҿ�IIk�x�ݵ{�om�k�ע6$����JL���;n��v�C	'��I��	X^��h���m�mE^��H4TyB� �n�����l6�U��$�h�$�I�za�o�v��'oT�m%K�I�V��۶���1��I$�5̈́I6�*F�Xa�M��m��m���4��J�I(a*W'��SjM��{m���P��T�	!KM���Vz&���}��յT��A$���Ɣ0P�o���m۱��I$�I�`�	M13ZiX��m��m�m�m��j�$��S	*��i*o�&������iRH �	D$-�h���b�����l7m��m������j�T��������I$�T�IX�a&`��?em�ݶ�t��IkF�T�o�(]�����{m��]$�I$��D�A#�&)J��j�06m�m�۩,�K_�RK�L$��Kv7vݻZxb�RI*Gt�$�vk6�6�nۻm��xa$�]-4�J��aC�+��wl6�m����U�W�)�����۾��I%�5 t��%j��]�~�ou#b0�^�R5i$��d��M�WmȰ�m�n� �w��RA*U�H%�JH�lm��a7m�m��Q�Z����^�ۭ������*J�1I~>�%zm�u�m���:i �I$��I%4M�{m�����m��ʕ�}U*]V�B@��Mۭ������""~�$�U: �Ik1L�;��۶�~��l'�K�X��\i���m���v��J��CI$�IUN� �$k�EF6��c��m�����T�J�i��ʴ�޿{�{��u�ZU��_g:��m��n��ᄙ8D�$�J�����a��m�l6ݶ�m���J�R&4ZK��K�b�}_oon�}.�$p�J���\�ۊ�ݿwn�B���iRI*�b�ծ�=ܝ�{�m�_T�	�$I$��H$�����Cm��a�m�v����T�T�rB�K�V�ݶ������}PI$���
��k�{v{mۥ�#zRm$�@�	$�ұ��K��H�n�l6ڸa��m�o�XO��$��{�Y�U�Wn����߭?A�4�I%\:KP�	m��۵v�n�~8N�:I%A$����%a�Q�b�nC��7���G��$����	%I""�%`��!�-6�rp!6ݰ�m������'UT��C0��F���w�߾���INC8""	}��&�E����tom�n�t����J�J�U���u{v�ӭRI*�sIzb��������۵��i$���%Ψ�I�.�n�l.�vݾ�KI$�Zdp�	*Ui(at�ۊn�om��a����R��]k��!����v��vä�J�R��$��ᅵ]'m��ov���@�} �I$��
��N�I(a+n��m��m�m���it��:]k3�y�0�~�~ݻ�\�H3���%�I*��J������ݻ�����]$��ZZN��	KM�p��m��nݰ�Nv����I$�O$�_�0�4�d&[�ݻݻm�����֕%T,0IU~6�ջ{v�{�b���Z�!1IU/d����{��;T�d�J�H$�JtL$�klX��6��&�{m�m�jit��-+J���`;0O��{�on�1֒It�4���W��W���ݶ��I$�������'T��? �m�j���ݷ{PzH$�IRI��/���N�v�a�n�m�Z^�UUH8^��{����ￇ�UT�TRJ���m6����ݷ�zI$�U�ZZ��&.�M���m�m��IJ�	$�A%^� ��M�hvö�n�v�t���Ut��4�&��ݻ�{�פUIj�|*I-��JB8h����o�""��i$�	$��IHh3�I.�C��� ܋m����۶� ���KT��5�B[��H7dum��om��ޒJ�*��$�h""�s������������zY�BT��^�K�a\A�n�m��n��m�N��J���$�HIPD ��0���M��a���m���cIR�zerI lS�O��mݶ�ݰ�m��WJ��*�u�m:o�o��t��Z��a$��o�Z��om��m��A}��ԍ���*K�K��j�B@�v�m�݆���F�RT��q� �0hy� wm��m�m�6�xI}k��*�[��ۿw��ZI$�*��CH2	t�۶��m���mZ$���I$�u\""��0`���A�Jm��6�۰��ZA�/�K�rqJ��c�������}���I%Z�K�X&ҿ�۷��wm�'w��Ҥ�I$�WZ�0ڣ:m��a��om����U�u��䳢q��wm�����.��;A����۶ݾ�a���$���*U�N�M��۶�۸;�D��$�����6�cZ""��m��m�ۻ:;��~��k��Kv�ݿ�����IR����HV�z��w۶�m�ݎ�B��IV�*��z�dp�	m���m������꒥U��۾���߻�����Ү���K��ۆ����m�m����I$�K꒼4gl�o�����{n۰��I*I$�k�)�y�Aq�m�m��m��m��iWK]-u����>�������0�-Ui/����l;��K��m�wvݷ|i*I$�*I%��Xm�����v�l6�m��m�����5�������i%�*�w����m��m�m��ު�J�I*��qm�5��ݶ����ꪕ$���J���d�m��m��ɸ��m��ҿ֗�%_��0k�""?{vݫ!�w�z�i$��Ujۼ1_N߽�4��ogy�RI$��I*�]�ۇNݔwm�{��ݿ	�~��V�������i�ۿp����J�J�}��>��}��p»����SҤ�II*I��3ݰ뻻{l7�!�m����9��Z�.��HSC��㷻�:���$�%I$�%���a����m&����d4	���$�I$����h�ɾ�;a�2®��݂�I$�KP�$�$��a�l�$>�n�p�����2�U���J��_�߶Eq���}����U$�U$�.���i��on�ݷm��@���U.�I$��a��a��{nݷ ���M��vF#@̯�*KJ��J�C��={{w,qA�ۻ���Iu��a%IvT[�m�����4-�� �e뤩-*D@.��C�m���᡿n�o!��^��I*J��a$Ke��m��ڽ��&ݻ�AF�;��%ZHm���{�=��	�4�$�*T�^�m������""�{�P�v�jI$�RH#�BK��m��o�%[m��|CȪAׯJ�LiRӿ�o�O���?I%J�I�a%�m��v��+���?A���.���m�ȱ��3����&�a5PH�t�I$��""L$���a�'��gj��l6�Ƞ=;�	/�J�!_m������}���w�Ҥ�!�T�۷�4l0�n��+�����%�I#�I{n�lC���8a6�a�� �qI]����`�W����o����dK��%��ے;H6v\�Onݷ�@��A��J� �_v�l.�aA6��opd>Ʉ���ҥk[���Z��`�RUKT�~��r�'�;��?����n�$�*Gb��M�m��N��e$��c�6�z��I(H�5����I�¤��m� �O�^�� ��R""��-�����IRD�Qژe��ۼ;$E�J	�}7l���]_ҪҦA�_������J��K}���I8a{wm�1^�/���,��T�KJ�c�^�4N�Xa?ն�,!��$�I(H������'��#b��vۆ�����B���珶����z��It�L4#��~t�m�m������������4�� w��l=:��m�������CD�O�h~�n~~�c��z���AA��$��i��}�{^�ҥ��nɎӵz��m��Z��T(�$2 �v����6�7�|��۷� ��IR	RB����_�n��on�p���R�C��H�ziÂzo�m_���U-֐0�Ճ���������An�R	$��E@.�C�^��r�mE�����[_IV�jY�g>�idM]�����I$I��7j�1j�P�	RN��-�U$�/@���r�nY�^�xJ��U_�T�M�hv���K�o���_A*J��td��N�BcoT���$@�a�� �I$�U&�m��z904�I�oԌ_a��ZT�=R���z��:z������_���R�.�zc������lR�BP�S�m ����߆�o�����-*Z��I����""�����*��V7;�wt�m����o�T�I$���'~��|�&��(��0�RI-��0���hS	0�Hf�������_ZN��ZM��A����V�p�H ���$��m��nt�K�AjAP�Y�L7l�v��}%I[[	$�M�C#Aw�ؿ����ҥ\�)$����UT�����T�w����o�/�Ia*�L�$�'T�����������I�����/�j�޶�$mu��ZRC����a�dH��7I$͌?�O�H, ��+l� RV�jL��S��a��T�$����t;^�Md������$�Sp�L��y;�N�jc���Y�	(��[�TT
\T���!a�� ��IV���������U;��_I(E醚a�I�I&7��4�6U�J�Sk�� ������{f�W��A�y��V���@ ���F��Z����T?붖յ��CK��""&�_���$�����+aI]~��T��w����k�/�K�%w�m�ݪw������ń=��lv���v�,���U�u���
���Պ��M�N������_��?�ԴI�\zi����p��ݷIb��Aȯ������A���c'�G�z^��6�A������~����߫b�i0���vߴ���U�;I���üPH$�1��!��t	A���������SZȎ����\����Jꠖ޿
�����$��a.�-*o�-���%�(W�S�T��_��o�^��[w�?��_�������욐��?	�A����ݷ�%��Kj�m��I_����/z����ۺU�^�W������6>""V�0D�:i�0""N��ȽA��������O��O�N��_m��K���%D>��H�ѵ��21����H%^���pVŭ&ƹ����o�_""`4$����:���	_���yp�K�������@���;ٟܺZ�7y�űA�b�j>� �(�~���m$���z��A�����%������J����+�AWA�|1�C���n�A,Ee���	фg85����o}/���U�W����w���q����}M*���5__�m�I%���4}y�yo���X��W#""
����v�$��y��}j�ݽ��U����a��i/m�����}�H$�m�'������WX=��^��vm���Eu Gv�K��ö���K+�Ϻ⾗�a�����+I�E���_�m����Z����7�t��0�p���J�������6H��]/N��6�� �\3!�GB��@�+"":�KʞD������j�1����m�Ф��%�jz@��f�6ߠ�R?�l٫�յI�%� o������D7��ߐ���� ��>�p�]��𗇴����I���V�Fw�����_�������t��:; &�l65.�.���c��S����C|��������m�K�ȿ��a�.��W�6�@��5���=k�3���ސ_����:�T/��lB_���y���%�*��扶�$�����w]W��wr1]���}���ڤ�)��ۤ����Z����v�a���~��&9v��.J�'�����K�����Z_����-/_��s@�꒮�}m��FcI������K�t��a��h�8AW����#�S�����������p�w�$��_�m��/�����VA/K�{y!�ۢ�U����T�D�_�8}�T�����mu�_�}�dO�������!�0O��>�m���/�����[������m��	W���H �����ۿ�������	_�m��%�����$�!�_��w��o�_�������;)�v����$J����ݍt����CO�m��_���t�[���G�a���PJ�����u�u\��o�a��$����a��j�ۻw�%�������VC,��4M�2�Z����Om�%��w���m���q����%�S�A���m�o�$�w���=��I*�H��m��J������W��m���������p�K_	��l6ޡ�k���	��	V�;�/}��K����k�*�.����oA%����S]�""Gb4���m�I%U����I�u����.�ݶb�IW����mf�RQ��~������0�8K�7�v��J�����%�!�)�wl0m� ���������%�,��?���K����a{��z&��l6ߠ������`��ҸN���i����U޿k{۵I*�����:���'XT����K�����PW�B��A���/�狼������w��I������߫A6�a���m��W����k�V�[' �l$v�m���T�����a����a�������_����U^�_ƽ��m�����K��;��zl0a��A �������0����n��������]u�-��6;������pIW/�'��a��$u_�����U�
��������H'����P�A
��	F���m��������Dbat�m�ߤ������ԅ���ح�ICE���A�����#�ꔂ���m��������֪��ւ{v6ߤ�/�������u� _a�r);�>������h/P������ �{�L
x�����_�� �i+௶a�� �����\��a�z��-�}��� �����-VB�R��!��m�}�D-k������	���x'����A�����I%`��_v������q�M��Y�ݰ��R����x$��J�z{���W��������ݱ�������'K�-�o������=$��&��~�K�����I[z�}��4K���K(�oI��l>ݺAB]����>@�[}����$�����oT��=�ݶ�I/�����J��߆�m�%@�����=����m��	�������I��w ���Ⱇ��_�a����m��m��O�����n�$��v���$�����m�:it�V��q�����#�݄EĒ��=�۽*���ڌ��<^�
��a�Z
�����v�I%v6m�oJ�����Rcؤ�o{��+�������Pm�m�����%#Ԉ����{֗�������_.��h��o�w�����$)$�""6�m��A_���a�ER�2K�p�������[��һX@���oT������4/gj�F�0�x������L��G���DЁ���M�������}Up���{l6�����ս ��!U��`hm��m�S�������1Ң(�y��	����J�����RD�U1O���E�ۿ������P��҄��l;z������t�K��`�ol6-������N� ��R����a�������Su��8I��}&�����KT�=P[vG����R�	i+K�A7l2������/�I��r'�on������
�����.�a������PD�u�ޘ��l��>�o�����I$T��������M��L""���H�����kJ�]��0����M������B:I�Zz�	���5n���҇�P�I%Rd����������S�@�o������m%_Ihm
�l�om�_����v���'m�
�������ݭQ0z��o�����KOIpA�Wm�}����P������D���w��� ��4�����}�C}���Һ�k��&ݶ���o�����K	�{�]����TDwT�i�[��}����TY$�i�Wv�H9n���I'P��p�?pM�m�������	&�0I% n�6�;����T��-����=�.����$�q����[�H�a�����A�0�$�.�߇����K6?O�ov��a��o�����t餬/��ۻl?�����I �m��l6�{�a����IA�a8i$Jƕ�������������V�y��{a����&Ҋm%��lSc�����	�~�^�mڃ{m����^��In=�������ޚүm�Fa������Z�t�m�؆Bc�6��Ʃ$%���a�����G��RI;{`�����	4IRA[���������H$�%g����}|$��U��b��m�ov��W� ���j9لݶP�w��AkaI$J�a�ś�Ȕ�ȅ$ �0d$�A��0�IU��3�m���W��I�'�wb�m�3#P���T�Iq&�a�ta��""����n�t	BA$���a�0de�3m�䄧J���A�m��T�`����fL=�� ���Z��m����G%�@��!�GР��	$�I�a�����d6Ӑ�4 `a.g����AI�R��ovaN�u�p��a��0�l�[� �r��'5�/�DH�#��A$å{m�����@� �E6�P��t�m���d����@��@�E֐In��m�/�� ����x-(I\�a�
\l�*��m$��B$k{l�+{a��>�U���Sv�a�M��O��(AZ	+���0�l!I��0aI��-JJ�~����7KZk���$�6���U�e���h/iBi�I �DB��0�f��K��d��
���Qa ��IP�à���0�d���au�!DP�$�t�m�Ȏ0��a�I��6��QH��r��b �a��m*�PQ�i$P�p�6a�F0�.E;ll$M�7pȠ.��A0�$�]�i6�{}��W-ү�M�� �``a��mSM��	C�Ia���l0�d0�a��a`��a�.� ���[m&�s4�֓ȯMN�+z%j�[m����A���h&�4�ZI]+� �0�"" L�m��c��/�DICi]��Ҷmﴩmj�$�i_M��A�;���+�Gm	�I8�B@a�l�
�����P�6�� �N�J���a����#�x%J�Xa$��Q�m��`�A���t
Kj�qI'm*��h&m� �@�a�3�XA�m*�H6a�L��0�'���p�Aa��%U��A-0����^�I��m�1	���	�ғXA$�a�����0��`��0�I��Ab�᪻m���38z��U�v4��4�@0ȧf��9�s0�^	;@�V�a�� a���|f®qM�A%mv�ma�N!�(�� �p� e�x@�	�n��m�H"",��F.�$��X�h�w�i#��m1A""��4ta��k�0��-�i�	��T$b�EL)�A��aÂ ��U��m�D���J��M��l2<�!�!f�Ä�M� �la�As�8ڲF�ͅ ���n�5$���I%|�	Ca��q	:���� ����I����@�5�탰�$wh0a������ ��ja�A�����N��P�24 � @��jU� ���&�a�`�"":�ߵIACcqv��b�@�D68v�P@�EP3��0�A��~ ���0�$�M�D������A0!�Ȗ�a�	*Jq	�h$�a����$ �Jm�H0� ����idX�,EX���(`�b�@��""�ɀQn�m��I5oi��I���li� ݃4An�M�`�$#�A��Aa�4�`���rB 8D�!�2� ����xJ��$�{&�j�gI]�@�	���a�%a�CP��i�`�@�#���a��0��� �N�VA&,A��N�	6�6����'��;a��dT��`�	$���a�1�	\=�K2#���A.+2�'��tA���Ć}�p�����a�$��w�\A��3�%� �����Z� ��CI,�bPO�W2���4�ڵ2Agp����v8�@�v��<�m^�Y� F�@����6�4���0'$�D`{�a�;`�	�ٵ���!�{!�N�""[���$�a��jl��]CAtq�m�7AZ� �rl�p��o@��o""�Hq�j�$�CV���Q# �	����""�
�@Ī ]`eX$]�V� �����3�!�)&Ȓ�a��6v�v��6=����{�j�� װ2[��a,4vj���{p�A$�cl���{v��p Gf���	#�@<
�?n3��J� ��;�F�l;P� xj�w^�;.���nWZ�3�`y�kdӊ_e$l�F��]��pc	�A ��Ȑ<0D(��!b	�Ȱ�҅I���d�oj��]����&���۪��V���H=6W��SI�̌���jd���,-�ЃHw2X��Րo���)�{m;���޽�ȱ����״IH�DA�0��%�Y
PC`''�J��L����L�gn	�J!CWא����*ᆚK����m�*`����A��""#r�;��TH{�݄�����AS��ʘ(�X �H1	'��&R�(���U��<(�@�jB��l�ki.�ð�Ҷ���<�����z�W��t�Gy�����WaqI׭�>�r�V�_�'�o����ZO�2���/�A�j��� �T���A)�pb�cx�^��ē!�r����=�+�������´����#���k�qU��Ua���u����{����|0�쨔~�}���K�����ڷ�a�PC����imu�l.�/��ɱT�������uۈRlK_l9�;q���/�r�f[��]��]�w��Òڧ޷p��U�������ۋaC�`�47V�*�å�
[��JĦ#!�G!���?u����6�x�'��jA�tU�n�X�xg��\m�Pu�J*
�euíA�V���2�{p�ѾJ��A����d�;~��3�L+k$�
��lqH�����t�I�~�;ۻ�;�����a�5}&�ndYR����k��c��������� �
endstreamendobj1 0 obj< >>>/Rotate 0/StructParents 1/Tabs/S/Type/Page>>endobj2 0 obj< >stream
H��V�n�0}�W��jE�2��:����-� I���$N���DR��+Z��V,�<�9$�/;����{?�2ɮ����t�R2�ʧ��,�vþu��f�,D^�r�E?�fјǊEՔޯ<������['�BJ��	s��lE��M�HDZ�jj������3�h��ss�`�7>��I�E�b%tB�� �!R`��ず���X)��H��9J��""�vn�4�y�R�z� )��I�`Ys��l�pd�������Bޠ�_^���3.{�eZ�AϗR��%F;G""�T[v���E���򼼵�#.�������鸚���%�ɛ�Z5��l�����q5�ӍEPFU�%O���ܝQ����}�!RQ�)����?`P�X!��f6�Z@h��$�B�C<�t*�A>�B�4��2���=��e�@�Y�Wk]�x�Dqc��:hl!�18���;�@(ѣ�J$���ĺk�V,ɮV`�'��Î`�Yg�^s8�e��F�""�y�aB��]����^#�k�?�I�\0-mjRH�} �\�����7��V���o����HY��}�D��8��J�A�Ȃ ��z��b�8�pU܃*րE��O�̟3݌��H��֤h]�);� ǁA""
endstreamendobj3 0 obj< >stream
H�j`@  �
endstreamendobj4 0 obj< >stream
H��V}t����fv�$��a�CB!	��6>���v�r�MH �(k
�J��倅
H�Җ�H��B@Q�)�{��(ZE�*�cUJ!;��	��GO����߽�����}  �h��ș#��拙,�#�U�5��ao��Po@U��._�]�~��>�~�Z�� ���n��b�X	�v$ҙ�N�� ����� ���q�}5�7o�ˠǖ���$��λ�
""1�pm8I�P�V�B����e���=Z�!�Q�t� ���!�p�t��qݑ�~�|z
6�E-��eLE)�Q���	V��(�5�,`ﻰ'�g�i<�p\"";�2� *8��т�I�V��O�
��4�Aé�n���f��O5�0����v��OB��4�ͧ�_��` G��>����Ҩ�B�\����<�uH�9z������a���;ԃi�������a� h���fc9~�-��Y���u�@ut�>=E�8���g�g�8�~ќl~�>���h�`����3��/��7���Nc���h*͢���t��-�����%�e��ˀ� ����}flO�Yf��Z�<�W��yVb>�
k�����`���;�dp=O1���	�5\�g�q*�@ØF2����lz�ji���(J'�,ݠ��1V�3�,Q+��j�S""""N���_e���U�YyL����w�{
�iJPY�|_٥�E�M�J��Pu��jP=�~(V�gf��""s����:�x g��!�O�j��s꙾Ǵ�k��3ڍ�\;�z�!����{�,�����}�+���\+���\��}�&3��uZC��v�^�s���Z�2g���_,k��]��D�h�x%Li�H��e��#�Ʌr��-_�?������-E(�J��R٤�T)Ǖ���*�Ցj�f2�f�u����-�6�Va��m���O1���A�;����""�-}*� �	�H�h���+PHPw`���w�8�#C4�뷑�<�$�CrΩ+�B�Q5*�=�����MR�a�N��1�a�X�~��S/TP�8��
1TI�%1^i�L1T�����(���x��Hf�(?�0+�tAy���Ǽ�f�#�M�F��39�vy�m�A5�RpT�� �4�}S���>� ��+@{J�D�᎛m�Z�����|���}��F(�s�佷��4U�+z�~���H��]9����y�3��Q#G���6��C�2��qi�>< #=-������L��3)1���nS)9^�$�YC�ҧLɵ�dA�>A��XT����q3����-?`��twY�S+Dan���5�|��Ein����ź_3n���㼒=�\ �HΎ��wc�<�=�F[b���Z$�5�-�Ģ@vR�^��3d�o�H�f��F�\M���=����fȰ7u�f�p�9�8X�_벞~?��cEfI \®�qK+4�&6�}mf�����UG~5�ג�jF}�^^�I���Ք��n1?B�WW�t�1!C��DBx��W��ZZwMnNę�Q�H��N&���LM�.���-�tVWeɊH��ah!�#��S����C8��f|��Gռ""K��@ؙoɭ��Ե����o~�]��2�_�b�>��5����lc�0�E�^S��(���Y�z��/.ʸ�A�.��e-�֨���aQF�#���X��{���-M�=M���Ν|֑������%;��������k:��zi�\��:k[Z�u��t�������2�妜�el_��d��o����]��Vb8S:�����5۬Q�׷�:�4��n�[xIa�+Y��rn8��M�|RD�-�7m���kq��tK��I��&�#�Y�k� w\*���,�R�m��*��4ĵJ\ǡ(!.sܓBQ�!s�e|��ё�J��g]�{/p�/�UE�ϝ�����l��.4u�,m)C[Z��tCw�m�]�B��n@�baZ�Ԋ�'(�P�� 1&%
Řm�%�}�ɧ��Hb ���Ob����� ��}1q&���=�{�ܹs�Y�aӵI1��e[L�EY�c�P-�q�A�5o�-o�~��f��z�-/G劕���E���=��ĩ�>�F�4E�2�.� =(�$�����Rh�\y᜹?�n����o������){?�j�ʪ<��̱�33Ǐ��,Ϙ�ل���-�2���Z����wZ.�q���[K3��k���16��&Rsn#aP;o��Y�~k��^K���u)H��mg)""I[i� ,�f2з?ˁ@�@X<lj�}� |�ܟ�x���l����NZvHWi�t�J�|j���]1⯴͡ �""�^r*�'����""��c�b����ζ��0�u���J�AތxW(��'�v�[m~�(�D��;�q��5j��c�N��V<�4�	oS#�	���J�<�NK!��WC�{�&_�u�Oc� �L���w��M���x�WI�i�a��2�-���\�,Ӥ,��_��j'�*W)������J����^kN��q���s,ᱰv����Z�2���|�|/�an�V���0WAG)n�@5@5Pga��,�r`�@�Un���*��#V���V`�&���o2�Y�y5��˭�>�蠎{@��yא^��N�g��
��H�
�΂EG����e�@~�d��HĈ��gw�?v��h
;��܃�SRY�loZ;T6�;����=���=�YY���%ː����,��t��=�Kh�b�""�;-Y�|ВeȧB���m�X\;���ǵ�Į� TZcbwbwd�7�K�k��`�A���>���g�������om�4�7���D_[��U
!��82��8it
!K�r%��$h�j�Q#j�!�2}��B������>�{2�S��xҀY���h;�r+�P'�Y�A:r�a�IQ�ЇH!�u�A-������p
%���bJ�<��-f��Y֛e/���
�;-�O��i�DA)h�/��""we���-���}u}��Kcݗ��%U���*��@0�:oW2V�N�$v&^I�*US^�#W��ٕ�pf9���i���VI~�$�(�%�UI>�$���j%Y�$u%Y�$�(Nա��y�5[UUY�TA%ՙ�\����p�vN��Kɔ�/���E`�@��Z �@G��b�j���4��9��i`)G��W�F��L{�Z�����C���|�J�W���)�$1��w(��p���]���������V�߽\��W`��r�=8�����}D��h��6ɵIS�*Htt��
©*.d
��q�7³�nOS�N��J�մq�9+�*�ƶs��S� >stream
H�\��j�0��~
�Cq��v��1ȡ�X�pl%3,�Q�C�~�:����?�[��>�2�7���C �8ǅB�c u6���{Wn7٤���:g�Z��k��""ΙW8<���Q�W�ȁF8|^�#�nI�'�4xd�զ��t�N�=��$̟�cM����0.z��uȖFTu%�@�""�($�Oߩ~p_�7�ã�MeLq��'߃{(�0K���d��kJ1�P�Q? �o�
endstreamendobj6 0 obj< >stream
H�\��j� ��>�w�ٜ%P�r����NR�eby��6l�*����s���)d�o݀�@�q�;��@�ڂ.]��b����q�i����""��w8=�8�Y�W�ȁf8}ކ3�aK��tx��g�^삠+v��!�a�{Bhk���5Y�liFe�̓T���?����}YV�-ަ��x��B����m̒�N��(�}H)&�,�#� ��o0
endstreamendobj7 0 obj< >stream
h�dQ]k�@�+��PʞF�A0i�BIA|�$[spz����w�Rh��ݝ�������_����0��d
�%�7WjDU��+UZ�n�{*D��n^ՙƘ��ZRi����p��b�1�I����Q����MÌ1�h�=�.�X�cU��J}e���8����ż��]yVr<��$�^��;^n���[�4ඇ~����;Ք\�����3nͥ��U!	���#�| >>>/Rotate 0/StructParents 4/Tabs/S/Type/Page>>endobj9 0 obj< >stream
H�|�Mo�0��� m�(7m�a�V� /Q�M\x�G��()AӤ�E""e��CQ�\QMư^�� �$�~��0����놿03�I%,X-�!���6����Fa��o���C���K?B�w�_o���py�M�����P�[-kP�eQOk��m���Q\���� vC��QJ�""J4��k���f�9�Zd&�%G��I��ꈔ�Nɥa�pD~��>O1��:wO9��]�����Q̢2o"">���GB(P�WB-�>ZC�WlJ��4d� �R��C��tv�S�Z	�f��R�r�P��W�]""�$�o��p3��8�KT0��?=̹>z�)[�-gڀ�M�B�i����U��a]�� [���m��|�;�~ܦ�|6�$T'������<�*qGy��(��='i�oǣ�?�@~Y���Ev�~�w s�'� ��W
endstreamendobj10 0 obj< >stream
H�|S�k�0���>J0)�l�6�Bg#�6�U#�CIl��6����w:ɍ�__���ݻ{O���)�k�e����3�&�pr29�-������3��R�c��BV9-���V�+9�v�E�[�E���SnK�?\X`���q����g��_�WL�[�����5A#a$ߦ�~�W;Y�n���k��v�KYUc�K��Q�n�Ǎ�C�U���V� �	3���""�ߎ��k�� ?�3�.�7yطɿ�� )�9QN�Aq3��}6�����n�;١�T�:p�I~�f���o�.���v�P����^������ј/�u�=��pa&()�#�02Vlʋ`5�����7L���FQ`mpXߌQ��Ї1yme�(
uUK�gs'�	�V���2L4�˓�_�.���(�}/ӽ_��o >stream
H�tSMO�0��W��^ɮ��v��""�B�
��Phw���¿��=�A/q��̛��l>���6��W٥�hS��3]���P��P����1�A]h3��P'���]LLb� ��� 0r��S������o���2�����NF�z��כ���(r���S2/`��9,�wq]��m�hƌ������Lrh)ˢ mf�P�gڐ��l$�%9mv_�la/����1�mV""��e��8�,�p��r�F­&:<�f���=�^�Rm4��rᙟ+	j�P����Rq	�+0M�Jn��!�ռ�E�������2��̒6KhՋĲ�S���M*#�Қ�_�*5J)`�@�e7L�B���${KqS0���������ۇ�#C��hAw�'T���дW�gU��7�?㓑�����0`��7o�8��'q��z���{��b��܇��=$�\俢�-�
� (��a
endstreamendobj12 0 obj< >stream
H��S=S�0����ڗ/R�٘��h����R�r��XOIJKa`��I�I��绅r�$����NIm^uBAO���m�Rp�^��ɷ�B��!��� ��h���4�6����𮓢^�y �b�k	""L�԰�ۡ'Ld�(�bE�s�dn�""*�P^��Ul��p�9k��F�L@Ƃ�{R3`��%��#ClՋXd0s���i�j��F'�.����P�YF��Ħ���Ĳ��3Y`S��dc���T���u�ڝ��ͳu��:۲�f���l��k��I�H��F�n�j�x��C��]�E6r&�~9�FN@p��fܑG=����G�r���揣��� '���q�Ï�����M��y�헮X���4���0E���]��m��XQ���{BK���K�����K� �u
endstreamendobj13 0 obj< >stream
H��TMo�0��W�h��Ϻ���,;e=���xu� uP�ߏ|��8˰�D���#)z�m�8Ni� ��E�&����I��Vr���)(j�Mb��u.fH��-�S̐:D��y�rF�K�d��L�j���}yz���w���zz��HiNww��l�i撒l�2��wP���e��R�e�5ycs�����$9�=���2a_Ն�[(!���[<��7�o�Vgі���^j�ҝ1���i�������F��hi��b�X�z���5`�o��,�,~�q��4+ڙ�O������mpr�偓x����pY�%xg}Hm,?���4��������k�M
����s;ϰj��.�>���6���9s.���ԃ/m���^�%��@��1T�:m��U�t�h(B�ȯ#����<.��,*�V�K����?w�����1F �v��������	�K���M�������@�S��)�&-�<� ȅ3
endstreamendobj14 0 obj< >stream
H�lT�r�0��:�3������-7����@)6CyL����
v[.��H�+iM�4��]Q<�TY3��1��~�TG�H����!�����ԖO?L�K�|Oo���;]=���F*�����)'��ҹ���X�<��XFjG��\""L?ڑ�C(��_A$܃��/�Ӥ���OKK{I( i�@,��:p���{���s/�6p[g�ȕ!ݾO*�0M��g
hEft����h�se\H+77`GɒX�Rb��a�aa���[�+-U�:1֖ϋ�""ؚ:ϗ�O�@w���8xDS|/#�� ��*&v#��1fι�X��U�~��+sX	� �����O7+6!��,��i���o�6��h��`xa��wv`����%F����b���(c��]����H��������� _�~t��_2|!���(�S0ʲ���✲�M�[�6�w��R�Ȓa��J�n|�~��` CQ$
endstreamendobj15 0 obj< >stream
H��SMo�0��W��LkhӦ���6�aHH;�V� m�P_���b��R�a��q���'9ɓ���{^`�m���������'����h�a/B{˞�A|&#�+;�!�W���qẾ��>��k��CP��סqz��� �*���<%C$K�da
1%��	���l۬�ɗ*�s��O\fN]��vA�PƏ@��k���X5��H�B�+�Oe����`eM���*;��R��BڄV�ۭ��mI�}C�6��/R��Qu���������T�Y�»�Ԥ�2�6��j��T����(~o�i� C��{�{��^�T�|R�d�g`�{�EI6�����e6�
���2C��Rǵ)����(����e�8�;��%m�n���R�zg�f�}���x���Ua��uN��u�J��h�E
ʮ?��ԗ�g�&���iW�-�Ô�'�_ u��W
endstreamendobj16 0 obj< >stream
H��Q�N�0��+|L��4vF�L�[š]��蚉u����&$�ı���s�Z�h�
�^5z0@O;ȯ��kM,OɾS̉�ߒ͓yLk���}!�RNb�l��VB�	�W�3��4���:!m`	.��ڠ��ށ�<,D�1�{{>��D�cb�6ƿ�o~[
�
ČKDϦ���phM!��t�o�U8{����J'�|��]�kL�Y��4��>@�$���F����W������YY�A,��|w�p�N
> 	��
endstreamendobj17 0 obj< >stream
h�23R0P��A
��BA(ce�L!���0 ^5v
endstreamendobj18 0 obj< >>>/Rotate 0/StructParents 5/Tabs/S/Type/Page>>endobj19 0 obj< >stream
H��WKo�F��W�a""`����l�xwH�+'�(����H�L�V~�VW��i;H�""��(�󫯮�ӫC[��U�~�yzն�jSl1�7{�cz}ݼ�E��0
R�ƁxY��,`i�4�Ep���lO��M�U�Ey`�9���U��US�_~��t�.���|6__d �A)���灉+&^��A�o&I���q}6�7a�'Ǎ���q#6a;\�k|��Œ[|a{|r@�WI��qAy� $s�f��q�P���c��u%=y��B9`�b���%���`^�3(����M���~�=�D��o��>\,�;�U��~=��6���Ӑ>��{B-�J8Z�U��C�������R�'��_V�����\e�@W�u��~�?�Ɍ�Pq�%)󈻋�V�4~�]Z�C<[.�զƫo�s��L,)�X��I)g9�҄�@���	�&���?9��zt0���I<���Ƀ|?��|uI�w���/J���t}@��r���Cd��q�O�{e�_�.__�%%��R�\I��KN�O��tU�!O,�s���][�nzHϓD(7�%����7�x\��:�
%�.��ŗ���9>������w2�9��1�I��F��i��I۲3x�v�^���<�;�X��"">�t���2u�J������d��Z�EWx�KIEX}�""U�W0��]��e�M'+�}o��/""�}b,h��}�h�) P��	ޒ@\�����'��oc���-d����c'�7y�$��H�Ya�8����yT'�`��+G�����\ʏ�'���K1� ,�F�!{�P3vћ&N��ߏ#+����5�ɚ\8h�34Ѝ���n�mj��(�ѧ�l�է:_�B~t����[� �ݦ�x��%T�dQ�!vb���P�=�P� �9Ћ� ��?S�@��J/�*eQ��̼��ueg]�o]���B�^�K�+:{����
���Xlk�˘�f�F��%w�`Bf>���$W僀��P�J؃���J�}�����@5.�������q�$	B�,-n�e��)�,�u���H���A-�/���=����e,y�>I-N�E��QH�.G� e������Gh蚘J^�$���lS���%��+�!�!*S�/$[ԍa�.����M�39��w84���a���
.Q�ʩ���+vT7�2@t���U@���h1
�̪��ϓnTϓ5m��}�臭l��Ʀ_��`��K�|�a�����=��AީL���s	�mi�����-X��熡 ;�[�}֥K��X��YAƣ�Jed����*�@�P�Q%���� �$��`u@�I?
N�����u�Ց�>��Y&�g�.���鵵#?���R��H�� e]P���E'�A�3�a˾r�`WF Y���HuK|����EjwRC4���0�������4H�BU�V�7����P+�̉;ӔǺ���@�  �A�#y����b���JyP��� |��<@Ṽ�r�Pɚ��>��|�N���}b� ���/_�a���'�w��߿��W� �+NN~�[�%n���p��KםԦ�Kx�`�!6$z�C�����8�}%*�C★����*���,�o(��.����m�1�'@sԱ��d�	���� �O�%Q�թ��@
�5���q�	��S�K�U7��y�U�̭����n�!���-����d��GNv�X�x9ꥅb�Q�[���hd�F�H.METFOl*#����D�5�b�EД������~ss�.Bߐ��X9�U�}b�3�	0�p�n ����@(��OD�*$4H ��NNK{��JRÆY�º⥾���uZB� ~0��� �}�ǘ�*���Ye�~s�Qm�N� K�?�@��12�k?{��e@s�(��������t(�V�Q(��cB�W���\ALv�H$�I���z�����ԭȠ7}�`u�H9�-���{����GHc�  K����f$}}��SB�^'�� ~����SkX�$gװ�$2;��t.+a$G���N����"":�S-�[	��^*����>F�x�+��G�l��������V�|Պ�^�m�ڔ[L���mv�����ye��ˇ�5�D0�'�5M���qٞ�%��6M[�t�ow�CU�m�Ff������@E����^ƽ��T��/R�3$�	��Cy�&�ᾕ����hFR�I��""���،��x�R�""��<0_�J�ĺ� 58%R�g������ͭ<��0��]YpɄモИ']2�	�)]�K罓
ǥ��8����
,���:}��ݰ��uQ9�L|U{�~����~�����!��6��L~�� ��[�.~���1C�_ɶ��������0����iF@����&ih%V�;>�v҄�Ѽ(�1X�7���""l�
�!Y�����|�����O�����V������Ci;�_���G�]���}y��ϊt��p��}�h߹�o�k��Y�ty��#��SL��0��W1����M��w$�ӝ��%�%!���#�� �8y�\�J���W�e�.j�$�Ym >stream
h�23V0P�6�� RA�  ��
endstreamendobj21 0 obj< >>>/Rotate 0/StructParents 6/Tabs/S/Type/Page>>endobj22 0 obj< >stream
H��WK����ﯘCdj9�d��]K��de��r� 	.a� D���{�{�ƃ�Nrȅ03=���������\e�d[�o���UU�=�;����R}���_�:��x��C�<�j	���Sq�8\��c��.e��ߧ�.=��
�>$�Y�TY��o��󝺙�V�r�j���H��(|�A^�@�N75]�z���쿢�}QU�i���k'}xCO������(���s=�	�}�,��J�Q�j�G�4�`T~��7���;�q`�N�ӳ8�0HZO6SOM��1+�Cn~TF~��i�&G��M]�I�k��z�i�#��L�F#�Uɨ�M�	H|r�@�>�3�uG<��F�r������̅;0�إ� L��<��TV5���Nm.j����s���GU����<�6GMh��~7����w�Z�,�1���ٜɪ:��5nY�����Va��$�*=���|i�7ʪ���ڐ>G�k5d�Z�FE�(�jPv�G�;�}!\��5�/%��6~�w_H���H�z�+��1�֝��8o�Br���	O|V�ց����g��a��Y�S�œ�/#�z��%}�=I_iၴ]P�x�(�������ć����:� �'r�>[cF\�
��v�(J�'
�-wP%���)""��Y<�B��u�.�t�QDjL@%�O2��9���_�ɏ5-�������""�i�y�5���p%�\Ƣh�dg�ls�I�G{/J8ߦ���Mb�X���@���������<�!O ظ�L�%pE ���Qc���0]���*xޒ���=��C�`u=~�<��$G�d�Z�i��d�$����D�SR����{�������+��-#T���l������bE�qa#�<��""@�m;��-��""рl(K;�`=m�R**
����x���\�\R��w�z��O��)����s��Q�4.ő���.66�J� ˌtlg�6���X�l0��mR�9��R���n��H�f4q<�Ez�=!�VYJ�+�׋��ꢖ��pp]�TQ��
E0�TKQ61n��D h�P�@eQ���o�w����A��q`@�-#�����h�3���uS�j�,�%Q���l���Y��--P�v�=�xo�N�o���Vݦ�i����d�H�>Ȫ�B��J�r�Pԗ��6��(??���F��~�`<�[��ˀ��[[K�>-Z7uk5�|B«��p`�\���qđ5K����='�6�̥�΅ǳA'�E�� Wi�#;�Ϣ_iu�Chb-�HMX�n��Dv�塖fZ��ى�����*��zw���dv�=�'݃7���͚I��֓Ձ{G�^�
�p���D�d�Ohٮ���u����""&�s��|��EW�x���Y�	��y5�3o��X�zMgnsJ)f�0��#>b����p#�	��'pբ�1�\�� _�l�4��0�X��R~ ��(u���b��m�aӡȐ���yy�7ƍ�D*=SH���*���-A\�F��lTBWyW�̓dvLg""fM%tM����$�'F��q)�@I�����wӟb�gn�R#q-A�1��r�2f���.?s��R�����Mt�$p���	�e""~�˖��i�%AR�In���5ta4�
�F�'�IT��/����|հj
�K:^h��H�BO7Di(����=y3�\c�Hx �6C�d��D�>�I�2&�R������<�ы�����8�L�Q���� ÿ�#��q�� Ϣ�竕m��Y�e܍O�����]�� �#A�����zĞ�C�2ד ���)����-���_h���%w��y0uM_�ЮRt��1����=�w����'w���i����@ ����f���宆�L��%1u仹�T�w���:xc:(�B>�&ژ4�`���潫�uЌu�}x~!Oy�z��44U�Y���$�>rP-w�6�~�o���m:����@d�J��R&YA��W�;""�ڤ��0����TP�١���X�gu�UC���/d �or�0��d�����]�B���.�)��P!	�3��k�\jѷ�V��!�,��;Z5auYS��ޞ^X�ռ�`󥲄�T�Sf��ⶀ��ޒ����B��XA�ۡ�=#B��?�D�d�]������pke�ɯe�T���y�J�TӔX� 42l��צs�6���[��
]����~�B]��r�ȸa��p�A>װ��X4�A&okA�{4��Y߮n�w�*�'�ʌ(wU�l�N���EU'�i~_|U���� �0Y`0D7�����c��.e��J�j�·�c�'�Os;�ܯ$���֍@:�v$����nw,��B�Ց:�7{RD��*�7D�Q,>	Ad�4r=#F��v�Sj�6n�w.7����-OY���d�y
�!>�-h�ĥ
4N,�+�F8^U�ϯE>5S�*��+���.�e!:h�$f����T�}#��n1BA����|���Z��Ă�~��.M�M	.X�&�L6���*�(F�U�lKJ����`�1\�~�s1�>X35)��xy�	��Ȏ�qMΉ0���5l���Iؑ��� ��{��d�}A, �����}�$1��V2/+h���r��E�6S65��:.��|
�(����}I˧�~���!����^�?IF��s	�J-S͂���ing{�DGŽQQ�f��V��{>E���1�����""P@�R����˧Rl�o�{��x��� �t/����н�u�i��h��`M^x��_oȻ3!�A& C�Lmz�@��ބ�NX��h�3]��C�XD�*՘��Nⷂ}d�7*Y�|�)_a�����i��&^_�;Ds�D��-vh�+;�q}|��I��U�Q|k8�=T��+~���ٽx^�`δ�~���z&|��u�9vV�na<(�3�y��z��G;�ˉG���Z2+g��~��_.#���1�8��X�T�).F|�t9#ě�-Y�2��pw�����p���1�p͋:�Q� ���p�>���?�` �'
endstreamendobj23 0 obj< >stream
H�\��j� ��>�w�ٜ%P�r����NR�eby��6l�*����s���)d�o݀�@�q�;��@�ڂ.]��b����q�i����""��w8=�8�Y�W�ȁf8}ކ3�aK��tx��g�^삠+v��!�a�{Bhk���5Y�liFe�̓T���?����}YV�-ަ��x��B����m̒�N��(�}H)&�,�#� ��o0
endstreamendobj24 0 obj< >stream
h�,��
�0�_e� �M���Z�� m��Ѓ�ĒHI����f?v��%�($3��8� 8��-�Xη�c�$jҴ��*�w7��1�<��א�wX�>Z�9����""@�`� ��谉����ut>e�L�8�����)�ј���[
O�KR��4�7��| �V6�
endstreamendobj25 0 obj< >>>/Rotate 0/StructParents 7/Tabs/S/Type/Page>>endobj26 0 obj< >stream
H��Wێ�6}߯�]�\�,�@P ۴h
(P�y� ���J�-;q���̐J��I_|���\Μ9|�><�?4�u�hĻw�\lWK1{��{����S�M��\�YR�b������b��""�b4��ʿN��_���W�ru�S��g��Ue��+���O~��i$b1]?L�$�HD~��h$31}}�����_?��W|���~����2ʕ���1%bK߿�꺹�_��O�;����Lsp)�.�c]��\�-���.�����k]���wj۬7_�3�{�ѫ��է���\����j��R�x���W��d��$駢w�c���z;xWma�A��_U�Y��Se=F2R	�.��*f���1�j�g���:V��XȌ��,(��O�5����՟E�G0.�kuV+�)��,_Z��R���ix�	ܭ�s�V�W<������*ɫ���� ����x�ʉ�-����.)���la�� �=땺Gc^'�%�7��e�+^�@��x,���\�<�0!=g�=�������n!���S<�SL	-'!��� .3�(h��i�J$U�1��zm��$��F&f8�ƍQ^��˩t)��z�[JP��'|~�B������Ž��d���ei�n�Iv�Q��X�p�AДX��[� A��H 9��^""���1���͆�O�e�Y�cb�w뱂߿��|�V�G�xA[u�ƚh�[ʣD�1�_:گU����Q�Gx��-骖~����b��#�T��pbAj]�[t�*�
���K{��l�2O9R\R�X̩��&��92 ��e�sԷjb���s�������kʏ�7��.��u�#���<@�գM��k����UEԘ�u�_�`k�+C[��F��9���+�!n�o���>��{F�=$b��2?�DT��[8
��~F��ښ���Q-ɪIv�ظڛ c��̉�`2&`��j?��D�.�_:Pǒ��dX��tc�8�j�f�?��ˮn%>�����2m�/
p.���L�zBO�&M�d�*����٠80��;�.
�1Xi��$�=��I�'o<1��͍�e�g�ߠP�xWD��������K��3�4���81 �$�B����Co~�:�c�����c�-�<���XS'����k�x�}S˾���B�}����y��+�,��s����Kj�ad3C��Q~gJ���	-��8��������ڼn]���>���.ŷ�&��e{)`��aN���I���4�""×�b\'p�4��a��B�����lɞw؊������a�su؜��Q�9���vN	�v�'��=��WVC��t��s丹�v���[�& �Њ��yD-��(�L�]%Hۙ��m�4�I�ì��d6u&;�����i3�aθ�p����
]ΒXƆ{=���C�+*­63��XO���k��""�r��#ROm{c
Q&�����3������t*������e�zm�I<�1>%����>�D9��uf�<��6@:-�͗�t���*�%�{h��J��Q�$\gA�D��z��3]@��;ȼ����A�u�kuo��o�4 5�O�_a���J7�L-��($ �p�5�QC��=߲��1���\řxSS�@��ՙ��l��9�o�ϑ՟�Ԅ���3%S�'����.D��g��#���������%Z�\e5������
H`liںhP/�6��]�� �xc���7Z��X�� �T��n���>�Qq���R7��u��욋^%�{`�q:M���u������)� �fo�{]#�2I̖�w��/wl��c6ܟ���̫����F�f���=������d��~X�_�m0O�-�W�]���o�'��eA��p�M4>�y��[�[~�Q;������~{;5���k�;r��w����:�54S�]�b�J���Y	$gF�t3B�T�s�ܨ����:}�O� ��U
endstreamendobj27 0 obj< >>>/Rotate 0/StructParents 8/Tabs/S/Type/Page>>endobj28 0 obj< >stream
H��W]s�6}��ࣼ3��dy��LҤ��iz������cɶnlK��I�_�$ �З��%S$������s]lV�Z����M]�ֻ<��EY���oo�w�LMÙ�š~��\=gi(fI,gq:U3���s����,���u�-���(�⧟n�~�����XlFs9O��������r*��'Ƌ��=��۲��C��(�~�\��K�""dӿ_ʲ��_�O����\F	�k�б��Q""Ղ��_��?�z�&�u_����V���M�5~�V��ޡ����O>N����Xx��8ޓ�F���8*�\����R��ao_��%�,�2�Oz�h�_���|��.&�O�k6�p8���cN�H��(��EK��x2^y:f�zG�A����Dm^�/��G������+���'����\�	��Dk��� �ۊ���؃�DNgt:8�&���˛Xz��B֦�Id�p0-��O��OK�m��W|d��ۼ��������r[�r�rW��
V�	l�cL�1���j��g�
����F�y(O�x+;����Yto4}�[,�]��b8���yB�z�T�dKnࡘh���K��PΧMl&��oxs���8fp�p5��r�~X�/�3��ٺ�s8� ��a�gެ��Pj�J�jv!D�2`���	�W}����^�|�����(9�m��t,�"">���G���M_4pS!�AB�^�.٫1>�5� g�ql�A��l��`k^��+g�d>�|��z(�{�A�_��KEO�q=�D�.�����hkh��s�)f=R�/�!t��OЙ�(ԯ*�s��@�D��x���%�Y� �״=����+�ME9����m��/��L.:ޟa��/HZ�)�\����$�}�\�w(�xH�͏L�;�}����4""ǔKS��iK �4Qv���aV�sUv��?u�1W���wӔ�v�&Q(S^^�����.��
�!�}8[�S7�)�(���4��jf
��Ҫ��B�������D#��ƓT+%�{er��	�-���zC%+�Gj�T�u��ff;n  ������6�24y�9��-
9�|ں�Ӆ�2n��-���y�0ʱJm@��%��hfd��U��PR�v[�[�#�:e�HJ� ���w������%ʨ�C�ce/�9�LF�٩�t�&GE͑ ��1x2���rO� �����V,=^[,��O׏��#��A�>�JU�y�Y&�V:�2X?&Q �����u=��9&�ū��J��=~�\��}h��9 �8h����&�ƨLt�k��S1y��.jp��Ӓ����`4�veDx�|���;%xü�'������`��}v>�	=Ǣ%��!�T,���'��n#?�]j䧦��^,��f4��dif\���!���7_���{`�o�������+ ��������j���|��C<��`��������7Xt�&�b�db��O��""����	��!����w�>i,�f3���2�޺����بZg�K�s�P�T�C1W""�J���=���]��f�>��6R��O�c.C�A9��X���lPUЁd�#����FaV��O=��Z��A}�]�|ǆ>�*��j����v� �Br�����S��4�¶�Qy�>V�Sc�����v�Q���Ѵ>�u?� ��h�N�}H8�W\��ň@a&�T����q{�ʲS[��3�I�б߱rn��? =��k
endstreamendobj29 0 obj< >>>/Rotate 0/StructParents 9/Tabs/S/Type/Page>>endobj30 0 obj< >stream
H��WK��F������hW�aI��I�Y`� �=99�-�ִ-)n��;�>U$KŒ�؋�`�ȏ�����çs[�m+~���S�f�C���únğ�����ı�A""�(��H�;Y""�#�D��Z���}o
���""ˋ�xX���پ����+��Ϗ_>������X��R��b�	O�W��E�\���n&��ow�|��/(�X�m}��ҋ������@D�t����ۏ���I�CO�Ie�J�V	k�Rmh��V���߾��c����Jk��mfy1_��+<��E fu?��""�?� ��b�2_�b&���.ߟ�V-|�^�N/GI�o��������CƑ�c��)�JcO�)��63�v����s��@#� �lfpX��\Ĥ_����(E���
Emf�����]�W��#i8��{����tx�3��W2X���.j��txK�eՕb�a'�yMۿ�:��K��
�}��X������R�(Z�x2�[��<������b����z`3��[����""I�'2^���>K�����NP""�A�Uʗn����m6�G��6�@�-���j��Ya�Z҂��+O�2����98N�y�����l����lE�2�v���\i��Yq���ؖ �n�t	��%,���Y�}׿�������I�����{&��!���9&`����M]r�+���DB|4b3�g�P��e_���o6B�6LP�+�p�]P��n�;'���U���I��P�޷�t�Ls��N W�G�zUZ|��������=!p�Z�����^�y+Sk<�j4�y�i��$�z��BQ((s���p�p3۩��&��S�;��#|����+a����F�D�g���3�K<��a\�$��{R�e�a-�M-]�1oC>ћ���O�������5�Zq���B١LB#h��s��J�����|��^j2M��}#�	���~�#�H�}��!PB��K��oOy5R̃�1���ߵ��=��I�r�dm5�_.�[�w��H4�����i��h�_|��12Y8��9OqX-�(tuMmR��J�+�CU�q��Yw\\�D&>OP�ޠ �ʿ�1U6�|g��8�϶�0Q��|`�T&��KS��ly����Z�9ņ��o���	�_�d�y��i+��R�5a88�b��Ƣ�)�9U���ɉ�fMCC]�� 5���r[=���:��6���K�؝e�g��~X�1�l)wlt�G~�ؓ&���t�uD%���Yk31�#�ZE""�9�_�������Ҋv�p���uM��`������5�N��g��O?U+����!k��$������>�;?��@�b�r?]�.PX�GVđ)�<���%�i���q|W�RP�����i��V��Q��&Q�n�I�rz��S�xwM���۞���e͜+�M��D1��4D)W�]X{�>��� ����O`���l��Xq�`�C9�b�i�N�M�[�u���z��H}�Ԩ2��A���Hb�ѡ��&Ÿ��(��""��'�Nc���ZB�
�i[ږwH���x����Ê�����Q�R;�����C^r�۹�՞Cì}�Mu�LWT�Y��^�n�U�:m���nD��Ť<��C��q	%O8_�P""��	� v�'�&H4���^4ۚ5�FoC��P�ԕ��z3��!�^�R��a��@(ۏZ쿨+�Td��2�Q���I|���~��VFQ�)�!��r���E��3�#=�f�ӈ~���da��yea� R�<�f������ 7�r��#��vl���D�����1k�pTUP;�Ź��-�aN�{kt�p��}�R�m��2�V�%tv���@T(}�_(��H��ɦ���9?�r#�L����˥��cə����)�#������i;$�L|����XN�S���ŕv�Ɉ-O\q֓��a����/���Ǫ�g����1�g��t�;tt�]�/��c�߬?V��96#&Z=5�y��7��}pF""#�*�������Թɪ��焤��� ���L)(�`�:_�`����v�F��{؎m�;""# �lG8�,=e�4��ô���#=�4ӿ��(�����`@Ew�ȹ֨/x�b��{�b,`�X����{D��~	jЉ�h�mn3�d�)a+/�¦�ʯ�닷!������7�����\p[�%A��N#�������4�ȥ���""ƍ�a�����p)�a��+��w`rD@��/P����鿬�>��r�m�^���""M�zF��G]q.�v�� ��D
endstreamendobj31 0 obj< >>>/Rotate 0/StructParents 10/Tabs/S/Type/Page>>endobj32 0 obj< >stream
H��Wߓ�~��B�p�����jvg�\*��ʒ�r{�[�}0�����[V��0��ز��_�nqw�p<���I�����锯�e!�����ݿ{W�,��$��i��D���t�i��i:�蝟ϫӵ)���ʼ(��~o��]��vu%~����{qw�XDB����\�31�D$�i�奩����n ����>|4�_Q�]}:Շ��I""�L���4�E����_��tK?�N�?����L2PijTB���'��:��bT����G����#E�ĵ���.T�LL���X�Z>ǉ<������p���~/��D�������&2�i9�B���K�Ϙ{�-ΰ�<����@��rP�C���g""��T�3\+�r�O�X�xK���#��r���0]�&mR, �*��������>�� �5
����8v�.��{fW��r]�9�z.�ջ�L��u⣃�x�	��@�
�J�M��Ӡc�zҩ���k����Ʈ�wk�
vH��Һ*�7|��������ޝ�����!�Z��2���h`S}A���'��:�Q;sE�$/�����l�
ځ/[a�ʶ�S�����6Y�CaZ�G��c	�đ�,<����=�u-n�;��n
^x
m@����P�\�""9��:�&o����=��*؁�W�Vj]���I$�<��F���P�D/?�x��&�?S䮑�ԥ QSl�����g2�C�{�&��eR_)]V5%LS�[�V�U9$�\�cl�oLO/b�29K���B""�x]Q����A��M��dV��JA�V�r�( 8�%vbY��ќ�M�iȑ�;�	U�]��lЩ�O�=�ϬVYZ�F�k�~V�;f�W��q�'�����7��֗}{U������ޮ���������3�J���ʄJF�uh�nUV�7�9 �]��a��p�'�����_q'.�K/)���]�U2Q�����1Br���k-ai��h��I�s5t4D�Kr��H�s���v���E��0�r_0Wp����^����d\\м���̨eL}*ϰ�*����U�]ǧ#u��>t4�L��6(��eh9x���w�ӉE����Ag���xyEs��a�o�Pt���[��[��9C�.+�YϣM2��n���I�ҕ� �rL&R�n���Hc�}I6�ԫ�Pf����3}{{*3[W�k~ȦV���㶀���&�J��C3��6��b;󓓻�8T�M���
�ݸ����IX_U�xһYͬ�^�O�Z�b""9Wa��ONR�@�����$WFqyZ&2����""տ訸�&C���g""c���s�LH��y35H��,�@Of�(bԸ��,���BL=�a�L�Pz���T� ����q�6{�A�����: �b�Ɓp5$��c�ۑ�wG�,���U�>N��Dڗ��`���,�A�^��h����\��7��rt�ɨ	�vO�v��:M�<�}�?M�I,Ә��~w؝z4�{i�����JGR!d��`�����L-n���'D�r�N�7uZc��G��3S�FP�f\/�Vk�R�4m�X7a�9�i�,Je�v(���'����_9�6�%&T۔N�S��5TW�
1+����O�/�T���5���b�����-��)_!����qƲ�b�400�9A��].��J0�ɸ˸Cգ$����ݦ�M/i�-�����a��q����9u����9���Xg�2��r�ƽ� $�
��h�G�&6��R*���X�N�P��\(٦1��3���C F]M�4�za+�&HT��{4~�~���m]�oHoY���Q���z�%]��bg""��z��ęy;,�.�\A��:Ԩء�J�L7lJ���^u?�1GTE�-o��2�S�s^�k��
5�@����g�bxɌWך��| ?� M^�1إ��I쉣@��3�q�˿J�e�!�(ֈ
Kn �M&B�|��ks���9�Z�݊Ӑ�:�9	a1I��
��011��G�% o�x���R��Ǎ ��RМPr:�7��rg�e�����E6EXi��gL�;���K*^���L�渪K�����jO��䉌ަ.,����*�j�TrlK��J6��d���_�|x��8I��D���8�z�vW��f^.a�Dn���@��#��g�*`���PР�u���W����vm����B몶�T��
8���56v�&��	̬=�P�p�E�ƃ�I��������.�2x��1k��\��r˶@zH���0�n�b^�rr  :�]���bma�^�U��^��9�M�&�T3�G��ț�¬sbY�8���a�n�abֺw�´����������%N��}� �d�R��ؑ�'��.�� !��:�ױ�^��g�T���p��p	��^w�%Ʌ3�n9�2�TS���`������:��ع�����՛눁:���FU@@�}�֖	��	a��}�""6�5Y��d�y�7P�jX���Af�Z(��Et��.��""�x�[���gȈZ3aѸ��*�:���*������>�>s��W#�N�-k�^��1��?a[6��-��A�|�
�=}Y1+�� G�}X��W� ���A
endstreamendobj33 0 obj< >>>/Rotate 0/StructParents 11/Tabs/S/Type/Page>>endobj34 0 obj< >stream
H��W]���}�_я�j��AZ��I��])�J��>�} �0d�f3	��owUuw�m���1�Qu�ԩ����ûS�۬�N���û�[�Ou%���(�~x|l�e��$�Qd�~H�\}�Xy&�l�������r�������O�a��Zmwͪ۵���������b�H,6ws9��4���B��e2���D�ow?��W|l��=lL���D=dY,�H���ֶ�-��mR�I�Ι�$�f�$4lhy�K��g�_��O����O���3m�ڶ�(�`��S�b���S���(�����<�BL���:��������o`5�+X�T�/�B)��ޅ2�#�2�����^�
Ԧ��
bzV�����=�^2��cE`�2N��r���f0�#��(HJ��֒�G�i���� d�UjyH���_�8fm�9�|<ˁ��QN�9%�+�'��Ộ&�,�T%:�;�L���1P��F�Np�=����TV;�T�\�f�S��rG���3\�p�rp3�W4�OY��.��<�L�N��J��7��̄��p��p囷Or��ɹ!�2M��Z�y�-Z+�,���� b���%1 _�G{��Ę��{'_��0���U�F�X���Z_�����jу]9噼�T�2�q�jުX�8g|\���M�ib�3z'7g��\ߵ{	""P�����s't�Y�� �Q⥎bNd��G���X�k�""�[ )4�{��Տ	��yw�P �+���03Ta�[06�H<(�-��JF�*�r�v&n���^![)���u�z%�v��1�ц�x!�Z�z��&��H*::`ae��A��:���a�З�B�(�OL�Q�P������
��U�mxn`�Z�l�@ܜ���l�)A�q|�<׎X_Z[f��Xh�m��}�J�b��I����ز=��e ��j��k�L�!�6&�Ѵ8��� /t�mZ�>���J���˹e�0�)+��ڐ=����|?�4-�9�%/�3@�D�Ǣ���r>��T����WR�:�o�u�VR�t	tb�D�(�l�\S95��2�{�T�z�!��������h��a�����q�ÉF�!��^L�=u�T�M7�a���\6d�H,��vxC��o.X�q��}JC�q�UR��Q����g�ʑ�PE�DH�ر�Fg����$ӜfJ=R�!�&J-׭i��=tM���
��5��*_I�!xe�#bӎ4ȿ�t�|Q""s+�N� ��""⇀����膗��#*�Ԋa�� f�}�=u�T�M?�����86j�of�G�Ȍ~�h.�).���u��W.�͋haJ���I454��4lw�AG�0W�W۰��J����Ė&.R&�i���	����^M�!��r6��	�@RD�\׎x����y�uxu���ά��@#Q-�ON{Mˊ@(����k�˿�����b*x݃#Υۀ�Nm�N?]88�]���5����Pю���x},R�b�G�b�.֜�{�Z2l�A��`��V4āS�M/�X��+�q�O<�b�U�'r�����M��V`+����FTc���8:�ps�`S�#W���޹/ƻP^����F�!�Q	nb�7[ę�({M5��3�7i�@`}
�؞��7$n��,,_�g�9V��`_kKƋ�H�'I��cL_�c��	c�G�""��<�� ��l�\�=�;u�ͪ���E�2ME���Zu82��n������rä*��Pݩ��Q�,���C�q{��j���ؖ��Z��N�f��v�7�
f,��\�qt��|M�푦#�8�
S3�(Q������""��o��t��3<�p9ht�X>W�F�|N����	��rv*��]n�i���|?Ą�;�k���nZD�V�䙠�eg��`Qb6�:�\�dZ7����(�r��nN'�ɰ����A{ڣ�$��X'Ӕ����� �����E�bݮ��ub�O|�uj��=��=��o�%h8cb1��y$�yq����h�Јr�fP�W�B-6ȯT���\F�?Կϰ����})�Jzм�5� �� ���F��Y�%̴��M��дl�3�9�xkI��ƚWگW�d�Z/ښP&s^٧�L��ݭB�(w��0F'�s�q��PƆ�]kl���z�1r����L�Ť�D~jǲ(�>�)4�	���;3���DƱ�9k����:b��r�<��a��*�0��狭e��SR�GS��Q�l��l�i����U���U��#�e-��6��` �v
endstreamendobj35 0 obj< >>>/Rotate 0/StructParents 12/Tabs/S/Type/Page>>endobj36 0 obj< >stream
H��Wێ�H}���G<*g��i4R��vVj�H���<LӔ�M�t3_���ΰ�@�����8q�e���|j�Ŧ?����4�f�-��i�j���ˋ�&Vy.�,���41�X���<�|*g�y�W��]7�z+���-��I<-�ן��P�AU�_^>�*���H�b�����\���<��yө����a""����}4����F��lLS���T?L���Ʋo��J5���I��>g!�LZ�а��i.�����?�����y��a$�H;���U��M0��1]���|
�DL� �Ĥ	�\L6
~���� �
}�_���s{����<��TA8�""�;��@��brx�m�0�gr:3O�g�q*���	5,`�'���`$�_p��3�s���eq��������\ιի�&�;F��82��W'�m��� \�Jxw�B�n�oZ�?���OA8�W��<��j�R��Jo3��d�q�M<�3�Oh��d���}5)Tp/�[�=��j�<��G�;l�@㒅��.y+�|'/���]p_͇BK�����f�<��[��aϸ�����or��?��FJ�n��i�`�<��N{5�&��o���I����>>�|68��JfY�t.��%_��{J�ٝ�h�7oѣ-Us��|�Ӵw���D��y�_E���S��f�ڎ�N��-��AI>6�4B���ī�g2��k��imC�6�>���8�V ��C �rC��Iw�`j�ą�{2���(�dڔ>�YO���-j
d����a�g��<�}�����=���6(�0�e����-�]( ��)�Xϟ��:�%b������|-�����$1P�3Fh3��l+���h��Ќ8p�~�8�S�-f��Q;��� 6=\����v��v����I�����_""���s�t�yd��n�Y�;�p?����""J�#�r�Ǟ�����=�_�	���J�rπf2��ڊ�(��Ś�_1�'3�Sp�#�$�I�ErKZ%VZ��N̜U�'SF��G�֣w��B��D]x��]2+��Pk���X�@���-ި7��
""D�P?�����ŪlY?�J+[�rp�U��3Ӿ\ qř�S�m��\��� :/0F��{�z$�����b��X""T�Nu�""��H-�0���#R�Jf�B-t��?,m�(T΀t|�פֿ�/���=�EA��Qm>�d.�5�k���r���K.�{
B�g�7�L:j3@��g`a]�9��u�[*`��,-�*J�¨��^k����j���;����ɰJw�����];u� [�uWM��+,�#��2�u��
C����J�Yжߘ�ݞ(�Ù1[\:i�r�3pL&����ٝ�$'�<Mw�c&���y�+�Z&�7��~��\�6𿃭E��(�a�`�4�61C� 
3o�$6�a�׮t�/���P�cq#_R0D���	Ф`0�Z�#��^7�w7���ߖOϧ���^wsfo�%""M""9MD�""�d.NۇW������v�nta�é��h.�Ef
s������o��9:r1$��o��8����De�n�%2b=���f���B��3ɱ'-�P�K �&�Lf����.�|a��[�ӊ�\v��K�J�j���d3z�Y��D�5d u��@h�-��#;�՗�!g\8�{ro�fX���h,y��t���s�ć�ݘ��ƹ����n�I�n���0>�x�R�h*IQ&�#}F��UEϔb�\�.=mbnq��փ��:;��q��@�E��e��+�`[YgvbvX�T��	R|*g����Ev

~���@Y��b� ��sgv}��h����s�����<�(aE��ۚV��6����$�r�Ј�G.Pҡ*9T�z�5�\惤�+Y�9�l�1H���fǞ�h""���ByVX2�H�G3'�R�d�'��\��f�R�ˏ�1�RY�e��b\l�u��k��aޫ�g�MY�� ��szI-0��V/{]�I��f������IV�v d�ۯ��� {8��
 ���]��8�g]�O�=�����y�4|�&�K�Xʖ�5b���~׬�%+G�����9�9P/��yN�h-|`�4�b��A�'�b�o40�HoūMKg�#OL$�iLWgng\�8�+.��5%�L��:����KOB���u��1�˨S��]�'��Ø�y�˺��`2H|�TU��Y�)	�(:j""!\�M�c�� I�G
endstreamendobj37 0 obj< >>>/Rotate 0/StructParents 13/Tabs/S/Type/Page>>endobj38 0 obj< >stream
H��W�n�H}�W��8�h�*	`'��,6� �řI�.k�$J����]��Y�(ǳ�^�ͮ۩�S����ݱޭ�Z����]]/V� ��j�&�$��z��Ӳ~�ru��|��Gu;����ͮXԻ�P��v������c��z0�g���X��D��$~���Py��ޛ�W�/�<\�E�8�*FQ�'I���o��{Y�/���Iߣ�XE3?JI�`lt�f��kq�������߼{�7^oO�z������jX;��x;z�b��(z˽X+|����(PC���޽��еȔ6�miEs����&,B�k#�n�2�����!�}(�y��Ԉ�rEZ�lEt٣2��zAr�����k0V#�H5۸Q���G�W�Y���\�m�������kB;�(��j�V��s?N�&�d4��c���oj��6�w�H���?���������5�����<�;X��z�=�؃���gR�I�1	5��A�~�X�~�C��(���J����$ϗpbU""�E�m�]E��.^���W�>����u1�RkJ��2�m����T��Qj��'��g'�$�?�۩je6�a� �8�MXt�/)��tU�=TX!��咮����
��+`k��pT���OZ���Io��ª�5�ZA
��(!��u Ӆ?e���zl~>��t&�wu��&�敦����S�l:�Uc��#6�OpЁ6���z���q��Kg��;�A��Y��4C��Ƨ����``�5^�2Q9�2S�u�B�(	P�i�����p�oO���W��k�]p��'���iw�K�S�j=}�&
,d<)k�Zd�а������^K;*�M�M�_7�|P-���yg2' �i�y���'w�L��?�6���@�|���06�X���G�<�d��|l��*G�HE�~�ʺ&Å�*%""Q��8rc�[@����	�� fP���p�L��q���hs�sr&�z��hr�.ʞ6:�3�P�LKD�������E��:� �{��$h�!��>�r66��Kf�$]�s�����o�VF+.;`��;b����ν����Z,�Z��G�[6��J,�]���#@��=�����T���rp����0Bb}	��+��4q�x��R�uS��)u�2��Qy�gs����q�[�ʕ���D�h�ߪ�@	>���h/""�3�3��MԬ,��L�m��k'��%�R9�7���""�Wn��V��.��%�_�9-�,J���)�%�!�E^�3�I6�O�#G��t�OT%$˻)��TVñƶ��@2�V������k�""1s)���v���,���z�3�j+2�g�T��}�n��n���3;�fOB�#?
U&~���Su�k�|?��J�_f:kI�h;����:?��ဋd�S׍�8��GOg�,}�hTYx)�OO����/�^i��iM'�t���A����L�R)���y�{�Dƕ[+�l��ǘ,�^Ӝ����8��N����Z`���!����N��#��(���:3뎁��z""1���h�!s�B*���5}vZ?w4Ҙ����/VC���5*/2��Y�������)���@vn ��:�J���h��R�u�+��M��nPP^���v>�9���A�:�8Jd����W�g�=���P�S$L�m�ޭwY8������9X?K
���s?p��P��jk�n�����͚�V�`���B�n*'Rv+ik����rKeuI��1��L�E7�""Y_W݀ޞ*��⑷��-�6�R���`%'�6%t��
�!���F�]uu������#��5��Py+��̖��34�#+���sI��_�nYH:�]��((�z�13��^�}��b��f""�Ͷ I?��m�D=��i8�߯EbWy�Q�
4ZRQ��%⵳�dF飼D��Ҙ���˵W2p��
�Ɖ����l�hAђa��!�~�Ma�Ij��E�'�#�K��3�啑�z2S��خ~�����=L���#'M��H���.K�R�d��r���>R;KAJ{��R�Ȑ�V��!ǁ�Q�l])�&=3WQ�c�#(;U2���R��aI\=������c�̱�K?�ى��&T<�u�K���QdX�jKەI8""��\sy�*g�=��D�WV'�	�ڧ��h����C�~���zW�	�~G��O�v��y��}9��Mf7:�9��lX�U��PAX#|b�S��fӂ������w_�7�2 �����L/`���P""�C\����D0���lSn�� ��I�6�;��E~��M;A�	W2)��x""?�ʠ9��>��$����Y�F�8�[���OG��?/Կ���'�_8zq�����-L�`���v�}��6�""_��5K�V0r��&�0��Ǹ�ч1��h́3����ԥ�D �.����j�`��/L�����@3����#՗n���z&�$�}+-�up�4ʭ��Z�55����v̉���O���L�~t��ll8F����r� �ۦ�^�FҠv�6�s�,%48������Y�zt��(����U��8��g�E��-�{9��6��tck+�iD���3�5�G�\��s�`&�]����-��w)9,ʙj�mͱY�?�l���iq\��'F� a�ZǗ����5x��'� ��\�
endstreamendobj39 0 obj< >>>/Rotate 0/StructParents 14/Tabs/S/Type/Page>>endobj40 0 obj< >stream
H��W�n��}�W��Xm�%!���,�fg�Q6�}�EJVl�ZY�G��tש&��F��luW��ԩ�����v�^����駫��.]<晚_�ʍ�������I��(�qؗPM�s<	�8��8�Df�������կy��[u5��o�j]��uY������.�f3O�j����i�F������8֑��\�p���_��
ޔ�]���1���0�q���M�~)��9�� :�g�y*��0!�|��ͺ���̉��߬�_>�ݚ�]��`ob�3�惇�0T�2Fj�����������/�Q`�Ά#�S����m[����W�6��""�5X�	��k�#�~����g���� I��
�d���vq�)DbZR�-]B=�iIJ}n��8�L=%���cb���K���I���z���J�������w���q�~\��(�=6�LS�-�-�Ԣ���@~�=��B�b�iY�Fֶ[gH�'�*��� ���3X��_�:Ep�
dwr�S8
q�F�)!w�%����ؔز�Y���c�qkL��]����C�I�BQ��6�e'���D߂=�jAp' ��=���	""=�v�� ��J4\3w�^�Zp�)zQ�ḊM��4&�}���G���EC�E{[�%X�1""c�gwoq��X��Z)�2�~l0T��Q�f����7�$,��.��溬��,:�:^���""�ߍBd=oW��|WŰ\lS��0�ȷ³��T�/7�cymyZ��j,�^ >>>/Rotate 0/StructParents 15/Tabs/S/Type/Page>>endobj42 0 obj< >stream
H��VѮ�8}�W�#H� ��JMo��J�*��lH 	�	F	��~��g����0����̙1�t2�pn�]�m�ݻه�ɶ�""��,U5���V�_XǱ��0�$
�@���""�$�D-�����4����_E�g����-ۗU֔����W/a2KSHw��X������Eb�i‛�N>}��O �TӨ���������@���Y��O���1�[�>ȥ�1A
B������v���7����//�8��/4<\�v��;���ٕ����BpTN֣�#�{	<�i��S(ɡ������qR/���#�[ܒG�`.A�q� ������ڡ��C��u�d�fp�ժ��|���S|��[3�m_M��Z�T��e
x3�i7�h<��9��<Ϯ����|1k���p='a�I���BJ�P�L�w
S��c��z����h�""��$��9_;%PB�5�;&CwY�*&�j�x�l�	���2���e�f�EU{�����bca�z��Y�6He��xX�ى5�Ml�����ٽPFʁ_.�?gf��b\$�]%��"";�,�!!�h�:��;k�,��J޸��@���%G�[z��:�Ԇ�����іI�2��x��3E�����/,k}f�����I��	�=��T�Z��{�ll��0�p���U���8���W�ʝ�cq�����k�\��ڼ3�](��T�<��h��VE�!�3������}��x� wK˖������{��Y�6#�N9u����[�A��@�,Y G���^[�*Ko|*��҆�,O�����N�y���h�߶���3'+׿�E��ZeO�+��:�""x�Q�""�z��tJ�JP���� �W��h�	-�g��V�U�?(ծg?���� M��
endstreamendobj43 0 obj< >stream
H���yTT���o޼7#;��7o�h�Z�E�BӨ�Z��*�EVE%�D�T����F�-Ƹ�u�Mkf��G�1���;H<����qߜ��޽w��μ dC@��Q�z��;!�{�F�c�bһy�""���������@|$ MIH���gW�.@�	������	�B3*�Z;�����&`&[�މl��g{�~f�$�e�
[z�����amS���@�U���3+=�W-pε�2%&->S9��0ЭN�:#�)y�~��~�����#O��;�nи'�;���j�Jҝ��G�A�V	p�i����X��h���S�v�~ai���o�` k{׳�{���裲��E�""\��ᄢ���+��8��8��8��8��8��8��8��8��8��8��8��8��8��8��8��8��8����h@p]�\-j�Hhd�F�������ӷrs7xxzy�����nж]��d�h
Q�ou�ڥ�º�w�ѳׯ{��O�~����@��A�2tX�����{�G����G��Ә�ǎ�`��'L��c��&'&%���M��>m����2gΚ=����ge�9?]����%K�-_�r��5k��ߐ���l�VP�}��]��{��+�8x���G�8���'N�:}���.���+W�]�Q|���;%��{��������_���+����Ɏ�C$�S�Fь�����L!K��
�B��B�)vǈ��""1W\!^��uR�.KTV���x)�8�)(+h[��rk9P""�ߗ����	�<��|Y.�mr�\'7*^�I1+�J/���_�LTҕ�J��V��|g�~� ��h6�GG's��{L�d�2��Z�ڛdSgSS�)��	�6�P5�A�V�նjG5D���R-j���樋ե��PݯQO�g���-�D}�>1[��A�hs�9��b��5+,�j�.�[�Zˬ�ME�E)?�Sr8{;-��΁��΋Φ������u����Y��M�MM컣�@�Q��""D	s���ra�P*����F���qb��X\&�K�	�(}����~ X������TT+��9R�jIr��-���_ɏ�Z��ŗ%��P�*��$����J��%�6-I7�2�gI�|��K��)�%�hS\s����z��J�@��:�b���Y��^'oNfIF�$�&�bk)K򁵶(�(�%	��3�ه%�|�9�YV?����Ҝ��F�1�1�1ەd�c@[ðo����ǲ1�UjKY+p{���n%@}��>��{5ښ�#x�e�������p�7G+��!9D���8�����ras��̬Nnn��T��̭�T$W̮<���k�rǆ�=y�y��˗ �]�+ʧ�Ob�����!���!v�������=���n�w�������=�}k�Ƶ�v�v�v�v����v�ن���Bl&��T���;$e0I�I�����1����w�n�n�.�թ} _�t�|�Xjb����/�6���w��Y}J�$���;2���~�~��f���&�p�=ǵ�{v�3��˽���Ǡ��2�5b3�k�#^�0�}�ZC��!��������C���~o���՞�̖~ݫ�C���4�����3�\��y�m.�Zn
؁,&""O�)�c	�`/v��,�X���=�a=��l�>��Z�a;��:�� >D,V""ň�5����-��?���(A)b2�c��ʐ���ϐ�$� ���MA�b�13�2���x�Y�����0�Q�,�G6>�3T�$��zҐ@Z�D=m�|�H�ЀF�HGz4�f�B[iP!�""7r'm�x�i'���d�=���Q��t��a�����7P.-���%��t�<ȓN�)�""o�!_T��G�t��PkjCK�,���t�.�_)���S;jO��2u��HAt���?x�o�dR�H&�F���M�E��S�d�*��t���>N�[ԉ:S(��-=�r�%�Ri��\Z!��VI��5�Zi��'��6�!R����M�fi��U�&H��vi��S�%햬�dm��G�+��/����U�������}�����{	�$� B��;""� �(��A�w	�W �Ì""0��t���^C�=�֬�~_~��<��V�JZE�i��u��6�����F�D�����m�im�m���~��������~�ݴ���>�O� �~��
��:�0����C�;�#t���q:A'���3t���y�@�]�+t���u�A7�ݦl��u�9ǝ�I�ɫ}�:F���u]P҅uQ]Lױ:N��%u��1�L~c�9s�\0�%s�\1W�5s�}�>v��O�g�s�����u_�����x�K����t�Nѥu�����)��!z����z��G�1z��R��Yz���'�Iz�����i���szz踞�g�YQ�͉�m���������^::::::����;�D/���r�B�ԫ�j�F����z�Ao4�LaS�5�Lqk�L	S2ʵR&�$�$�lR�S�vx ������~���ܐqcn�M�7�ܒ[qkn�m���ܑ;qg~���{�5<͔6eL�I3eM9Sޤ�榹en�lS�T4�8����ȓx2O�2vO�<�g�l��sm-���m��<�o3l]^�)/�a(����q�:����}���y� ���8���|�O�>���<_��|�/�����:��[|�����]��������#~�O�)?��0Ơ�����c8�_a>̏� ���8X�����ha�#F\,�E��X�O""b��X㱔�Wb$��RP
Ia)""E���X��RR⥔G�(I�,)RZ�H��a&JY)'�%]*HE�$����!U���)�1	����%���Ԓw��ԑ�+��}�@�K��=����ϕ�PIci""M��4��RZIki#m���� �~��C>�,`""L��0��4�n��	�`6́�0���o�'�i06Ï���6���|k�L�Gd{�Ȏ���.�n��f���,1K�2�ܬ�J6ޖ�	6�&A��=�n���9j��F�Qj��R�5M�R󢵳H-U��J�Z�U��j��I�P��~�j��J���w�!uD�Pg�uE�P�*G݃{p�Cx��	<�j�&V7+�*�ڼ0/M�ye^�!�6<���^B.���*�J��R�)��5�-�����ژ��0bSl���*����{��1~��q ��8���hQ��q8'�d���q&�ƹ*��W���
\�pS��6�6����x��x��)<��T���0�|��I�&C�������G%�$�S%Q
��4*G�
U��T��SM�E�)C1եzT�2�5�FԘ�PSjFͩ��VԚ�P[jG��u���ɬ5����ʣ�r��u��ԍzR/���� {�����?������Y���{�+�|��������`t0&|���?د��(�+�zz{�z4�m�!	-�&T�8��$$� W���HZk�nvWbs�K@0`c �$� �p� $��m0��oEU|$�a�fX�a�pUR���VO�~����{�\$�%�Q.��<��qT��	�xG��Ļ���xO�/Έ��8/.��Ⓒ,���⚸.nx���)F*y��!g�9r�\H�8p�5N��3��	�O��<�<��ᒷ��6�I1�""Ƒ���3�箿�������}1^L^Q)|�-o������xޑw��3W<�w�]y7ޝg��'���C�a��~T?��O�o���'�S���5��vC�@o���m���<��5������O�3a/̦��2ZN���Ih&�B� �'��+tM��'�HZ�\��;yO�?�)yo��osK��\Չ���:�]Z�k���IO�=�L:�t8�H�QQ$������3����yA��J٬��O�
�ބ�H�E��L""KH#YJ`;��'��t���������ft72�FO#�(~a�*��f���l���GT�O�ZE��c�5r� a����>d���<�j�m��i���j�A����CİBD�Ab.�#�1��/�\��勅b���ш�y��g	�{ f���\w�cw��>����q?ĲX�X&�������b�xQ����xY���ub��@��oѿ�O�:��b:�#&�)t*}F����1]�ϊ��9�#1K ��8��G݋>
�ʼ7����h!��
�zяm��q�b� מ����r��p�~e ��X�7b��:�Q1;��
U�uQs����2'V�~��W�;\�7��H l'���1o �<�������H�,�����ٱxU,�����Z���:��W9w��W���J#�_V�1Ⱦoݗb$���H�N�_'�M��Ǚ���{,�C�Vx+�ݷÝ��*�u+��n�f�\� �j��O�N���V�R�(�Kv��R��]�� �e�f��v����l'�bKc!Օ	) �Ul���v��f�۽v������`3���$7Q�װO��=<
�`*,�ٸc9s�=�c���2�jm���w�Ђ�c`�v$ź�a=�Z�pv���
, %V=�����p��`E�d�����j���|=h�����A��1;e�}Pc9��ϒ��mX�10%WceW�q.bU[_`�5��	�ZH����M�JR�T:���~c���""0��J�I��!Zk�Z-�}LF�+`�O^Ú��I�i��nB*��""�g+""M���go?�cX�,�6΄`7�#�+٫�X�g��Z'���(�v#j^!�k��?��w��l,���p�������ֲ����F�z��'��Uu=�޻6X>!!�-���MD�HHҰd�+6��d7I�""�P���(�CSA���ʧC�@7�Pl;�Q����v
�:؎������&!�t:}w����|���K����ix�F��~<�ܬ��*��[�;����4#y��~��䩂�I|?bA��������8�R�>G��EX�˱��n���w�=���c�l��[x;S�S��:I��Ԓ�H�&��1��U������K�Y��j��
�0GSSЇu���t��1���KZ��+����[���μ�ǦPS�z����H�����g�)tv��Ky�?JV�������l�/��[��e�!�Q�Y������|����__LB�3ٝ�I�B�a6Ea2���1jm4�ݔq?�ߢ�b���X�(2���qE�)<��Y�����:ٜ�r,��f�X9[L�A����>��e�qO�cxϧ��J��7�ͼ�K��3��?�_Q3�KLSD�����*�xI\Wm+���eľ˞���q��̱�Q�X���8���3J�������/�� A�O�x�����9y�ݍO��v7� �9�����o��%t����3�{�/�,xS��4���o�mp�� \��]�ǋ�ՅZ����p���h6�v���F�~�Mb5<3q+\��iU�e[K7��5k:����a�nNEn� O�J~�~�]��_��""�	Y�ώ�↭[hl�]�nl��6M����q)�R��[���������v�V�)���B�dQ�,����
q���T'eP+��eT��A���%`�m4Rաz�v���ေ��A!Ճ��V�|{��Ln���NZ9q�-��ma�����a�#痢��Y�Wj�m��j�.>�}l��e���{U��>&/�F��303��ō0���To��-�ô����6�9�4�ϓ�[��Uys��Ⱇ��h=F��i�.v�/���|7՛Wh���c�},߹q���u��}��5m�-�jnX�-[ZW�xѼ�ܲo���)�=�3g�{�����wM�F^�Tu�O�|�9��IY�3&�7�3ft�;�5���g!5Ud^T� ex��T���2R2@���d %�D�R
��JHU�����*��g*Ԉ""�Y�B�g���|�A	e�T(�JH�o�C�
.��
��fWa�]i�$3�uq�,C`���8g:%�Պ���V�H��5�%UZ����E
$�	j��D h����tXj�V�أ���]	4D��&�)�B�<1u����
��ݏ�n�4����{8���PV�b���[��Tiù>���ԗ冣z�TwQ+k��vF4�;I�bzbz��Y��h�""G��j������%To��dg��ːR�ZM�ɹ^5�ȉO �z��Ie�HNaA�36���1�;}8�<ĳ K܄*��""��E��RiT�M%���Ws�E$FO��l�i���Q�Sl���Җ�Q�&P��>I�P칞�`�f���a����|3EA�S����g<�`��ΣЇ�K(��H�t
��gN�D �UZ
W�������dQ�sf��Qgr:9Cݣ*er/ ������Lj)�8���S�����^SBzt ���#��h�7 ��A�{� ļ��RR�6�-E.��VR7%N�J��JXz��S����?;%�f/�s�ۀ���?/��0ϭs2�����z]w��Q��>0𡌇Zͧ%���̥_�8Sd�#^��Mʿi !��#���YX�B��aU	�Q=�0:Tţ�}�,;��E'a����Ū�T���Mq๤&���������*��O՚ɗx1�}�� A��*vV��YS��y��Y��0d�hy$>�xZ�B[�Ee&�$��b""P����}��+,��7&,�s��И`)�'�(�R��ecB�8�AiA4g�֑��6 �$����q�b��8!�Z�5;P(	����""b�z�r�dK���\��i�j����xI��g�T= �A�&�c�F��b�""})��n{PW�/�z�D����������d��2��fzee��ty]�؊�Q�*W��|�wr���GDU*T�I(��Dt]��RT�j���)"";e�9��Q7u���x�YC��mԶ����>�N6�Wmd������Y���5��v��s_��UUG���=�Q0UxR^!b����D�WB�@L KB)A��:���B|���&�R�`��[el��Q�u�4�V��*3U:�u�� �~��{���:�?ͼo����s����snfa��|,�։#?`�pQ�O:�'�9���,�ZJk��M�T���j��*����x6�8��^�J�h4�?V��Q҃��)�J�Y�o&{���>v��;J�ȰM�S�������>�&]s�ڞ�>��T4r��̶67�""�Mes	�*����A�ћSsf�h����IO�hQ��ɶV��Ӎ�k.�N��4���SI����p=�4HS�[�mKe���M7�hs�j���W]���YIe2%�.��@��e�a�J��./i�QovK�bwcx��]-5�����Ē�Qh��_sF�74���L�LzR����^�k�k����3�f��Rp�R�z
���""��7,��|���S�[U*'ͨ����U���-�Y���x����5�s����y������J�5Ut]tl���j��7,4CR ���R��:�.���=���aN��9/(��Ytޔ��T�|at�Yv��C�5�}�I΅퇾~�`v��9ru��}����}����H�#d�W�k�)����M�NX���)w)��R��[��	%t�ڢ_���:0(�]�@���>����Z�1t�4$��*�.8�|���l��}Sv��d%�6�qE&�6��҉��7#�] ���؍���%:d�R�#�8�G�-s��	���RϘU`sTCg����^�[����t�*m̿^�`ZDg1ν����P�6��=�K�]2�>_���b���u���L�ܷ&��|:���s��?%����_�o�h�C�3NZ�- ��/�J��b���C�(�<�ӟ����o�g��W6)�1X�p�-���ww�Y��=�/����T�&��1�Z��1�f�a�\��#���C&�ց��q�46�k��y���V�5`&��
V�?�?Jc��n՝���[�,T ����kN���3Vi��]��t��A\�uA����Y�=�8�����-`2�.ana^��+9��i����C|39�a��ϰf�Fc�<��.i�P�cj�h��˞xl�)͙���n1y���Ss��R{�a��>�$�b�u��Z�Zi7t��iΪ1ոh���P����ѦF��HI��m1�c�G��6�l��S��,�2���,v�)Ӝ�2�������˼d��c/��(�v*��r��uv�^y����������uo{b����3h>���RE��U�Y`�����;^o���&��� S�?���d�ՙl��L�J�/r�r+d�W!����>O- ��ސg���7�=��V�1E�do��1�}P�:>tuN��s���8_���(��@}��oEx%�f���l��l�z4X����< �A��3/O����9�y�O��B�딹�ׯ�Q{��H�s�gb�|�c��w��ڇ_����/�P���j�>�~�F����p�;��<�x�vbqGߙ� 8����4����9ꍓ�Q?�f��{�s�������n�8�N4�n�j�x�w��H�7��c���zDjL�^�\�炞���gQ��9�q_P�qRh΋�2�g�R�y��?,c�Zzm�,ѽ�u�?������d}�WƸ?F�H�Bo��A�l7y��-""�D�$��9��x[�M�������s��X0�_$��}��Ы�����D�l�k��""���aW��`7Ȝ��zꫝ��N����q����A_N+1��Vb�b�>�{�z�g���7Ї�>�A2n�L�[�Y�G�d����C��S��a?$�����!W۩z��;��K�B��� ���0��lu���<�2��8�+#�S��Bjq�^r
��Љ�8y���Y�Чܵ�u�N�:c��B���Z�@vΓE����<��;@.q�hp�r�T��R�r��Nip�`�.7��d��������.e���K���=ƍ`�)N����8�3s�*�,a�r`|���=�UU����ϧ���}~�>~�f�:.v��>,S���4�'��������k�[֎`A���Y��;޺�t����Z���������k�^��>��
�*���f�	~�˅��Q�\x�`�i��5�:�S���	�7��<ا ���r~�v9�)C�%��x/E==!C	��I>�7�7&'��k����O��shZit6|f�>+��B0���])
sHX�W�u�A)tn#�H�q<�}B�}#��?����<_�����'���(q��Ãr��>���
���;�w��Rg��D�����J�����Ԇ�}�������\����U�{�^}���tũ�����)|�O�/���cܗ�Jht2�Z�ܚͯ�|Y�K>J'�6�|ܘ�O�v^ ����\���� ��s��=������&r�^��(�#��u�W�qz����M�GE���V�!�Mɖ�^9�O#�d4^Mh�W""ǎ�ݡ��`9������}ډ�;���e���""�������W���r�����/����G�IR0t��6��TZ0��K�B£T.)���:[��&�hE,EDP)h頨�m�*�h����*��tFG�Qcr����sssBQ��g�w��ݳ��wa*��F�s����E�H�{��S�?���Yf��Rt����Kk<��h��g�ٻD[�Ɓ;�!|���OGw�X���l��	Oy��h��ꟍ�j�o��ҮHA��'O��zg�������L����_6nd��9���߲:�2���8{�Y�'�=��f�IMD�
�+�X��s��2�>�8��gk�3���v�ӧ#�BL���J�^~̅��J2�.����ۉ��q���8��#�P��%�K���Nҝ���M'}�i��$N'i�<��b?S""%��tѻ��X������Ǚ�fӌя��(�1t3���Ĩ�ҷ�~!�;��t=���g�9+ER'�&ҷ���l�N��;[��u����C�̜�wk�e\=ᯰ0�k�C���QW�����{ �S=_����I�s�=8�Gȟ�'����>j9�'xχM�bSfϪ�d��""�5�y8|�3}��,��YRG�\B-���֓.D�����y���5���4v�n�l������X�u��H���=,V���J�W�`�1���eF�g�H���i�q��F�P���*�����]��};�4Ȇ��eCnZ�ro�5~��q�������~���;⸪11����	�����t���������o��#.o�n7��[E,���m�kgކ��|���L��c�j_�T��c&����9\�Ԍ����½Oc������t�;�ɾ�m1.M�y�؛�
��y6�u]��Q�5�5Z����������1�D���kH�����aJ�M�o`�.b����x�Yj�l���[`��'�p�UK������w�jYf`�t�R��u�ik���>�����!��Q���-#_��d`��W���o�j�j��e��F<�3X�g��E�7[6x\���׮R��������q��f��0����9$g��l�������@�1���> �Mt�:��z]f2^��X�w7����r�e��j��6�߆i���?yCe�!~G�lɂr�!hL�Kە�N=A��8��	�s��̶s�;�=֚K�PWuH�U����$!_�2	����G{���G{���?������KB~��76	�cO��s�$���㓐?>��'���q7ݎ�a��Qt��k~���/�Z�~Ö�#������p慳(S������������v���=���Һ�OEml�ͻ��M;��o�{Q{�m={���`���z��Ψ�ͫ[�7�������B��O�_�Nj�������� ���=��~죓J�5x�[""5�P�a��ZS��Ԍ�nG��Y>6�g�F����δ: �םi���0��od�zgZ#y�wZVr�Ac���Y극?e��q��U�>�q��݈� ]w�;k�55��J�:>�D	����v�O=�-MW��o#��-�,�'GDqW%	���v
�hrE�""��� �@""inO�����e(����1a����c<.|�{|��L����{��<~�y9S��Q߳aO�X}��f~�#�|�l/�ϸ>�`�e��^)aߞp氞 �N�u����bӺgE��;�2�T�̉�_00'�Q������M�wŞ}��&�&s�H��-�]�����֞/�ĺ)ֽA��(�ûA�R/�z�9>
_�n� m-��l��_��f��ʓ�#�p�=[�2Q��~[}�u��G�-���^�S��Q��7�#����yR��1����z�J�Xc�s�
��~���^��hD7�e��5k��R��q�Df��#h��L�{.�i[�|���Hi��xF�z}���,V_�p��.g]L����_�Zt��SXDkd^j�rj�""�*~���k�j���0�Ír��od�|Nyp\�/����""��eE�>ϩ�tj����i��{�ԉ�%���Vک�}�KqSrpN�������Ÿ�cѻ̳�L^K��7RեV��%�|��វ�2̝.=��np>s}�����
0Z���S�d���1�u�g X�v�<�2�k���:8(ü�r�7\��	ı����8���g��n�aB%���@~�iXC�b#m�""���RG�P��[dP;�@@q� �jmq�@q*E%tJi��""�:�SP��w�{�.�ڙ����{��:��s���y��9	� 9�(��p|cB��_��2l��'��M����5F��y?W^jw���/�+��k�T�����F��s�J��Z��&f�E5O��LW�b�!���E�D}�}��+�4ek@�S*$��^�`w����,[��E�g���_���e|��7�$q��2���Ln��Ħ�?i|!~Z˚���SG}���[��[nɐ/%e6^�������wb'k�;�����;Q�Ry��=�]��TѮ�+��1O㤹'�N��D2��]��ݺߖ�]��>p8MN`ⴞ�IxY.qw�Y�����PO�O�a��H�~�\.�k���<)��p��R�������
�3��lМM%�^�_U7L��7��8&�ş�Ӊz.�|�)�9w��8�}�-ݼ]_��y�F�U��J��B�t����͠�*C�ϕQ��'8�L��c����S/�\�,����.��܉���q	bc���2��,�� �7��/�w��rߒi�Yiͩ�V�jے��[d={��3O⚧�+�\򵄌!>��}T���ͼ۹ĴG���C�I�#����4GNK�����c�������,��>��_=��r��Us7	�3Gb�l�/==r*��渁1�f����=���p)�NsB�BDN�g�i9r;8��%F�t��s��d�O�z
=�t�8�@�o���i8ht�s�y�CuM���6g���e&�l�����sO�����!�@���Eh�3��eݷ��(�Qm��H�X���&G��5�6;ߔYF7�q���>w���i���h3w���9?+����mU�ڮ�靑��v�e�.��&%fm���@?3v&>���;i�I�:�?E�����+��޿�Μ�e��p�f��h�s����J���O�޳�
�i��u�������@0
 Cº�^�]�{��8k|B:Vg����e�s��[���?�k&r�)G�ͣ>J�S6�6&�W���p���_K�Z��v����G��5
/N�.���`����a�>r(��`�����	�1ЯC���;h�w�i�ro^�O�d���\/�3���D��S��@6�=�/���;K��	w�8��td��""N�G��""Ł���]�;M�)��Tt
��E��Ƽ��|ygr�BH���3�_��z�N�z�s�m��}.�5�	�%/�D.�^}F
�B�ꍑ'��Jct��xG�g�U�-�ˢ��kN>q� �`��|���G�Ԁ��w1�T�C}����[B��t��*5n ipm��T)��K��F�+��q҂Z�*$`�F""�� Em�~g�����y�͛�3��oggs��j�B�.�����Nݳ��,��ҍ�n��O�0�Qh5�=�Xz����}z��J}�W��,r�p����|�ڑ�3G����\�{z+u�2.㻂RE�ˀ����}�Q@�����?�^�}��[Uڏ�� �e���w�9���~濮,f�y��x_�����z'.��<�=ĳ��'� �	^����#Ϳ^!��O��a�""f���;����u�i�Ay����5T��;!N?0�c����ǁ^#�kĈ�2�����oY��9O�{�߁}u�grˏ\lGNβ��0�E_��S��� ?��gxO�Ɯ��c� 6a�y�'�����/��t��b�n�C���rS�Q�y�kZI�d#N�p�Y�3j)e�Y���z�o��/�+j��+����hLՆ�LI�g���91�� �o�2,�2�^	$�;Q8ۗ�/T�֔*�6p�u
�Ƚ@g���f@�Zl`Jֈ2�4T��+���9��|QL� �Y�^��	t�~0 �f��l{��m�D�qh1�^l�n��֗}fqS���]���v,���6��/��V��-I���znMZV�4�s�|��""Q��,���C2�.�3F
�I\X3��(LTz|c�BLp�h3)�q���_0���4���ƿH��/3|�5�:ƀ����o�^>%���� ���Oḁ�:�����T���10l�cH�H��)������pY� ��UXW�U�OF�r߰ixk3�R�1�K3Fa�/��hܟ����N#�FE5�bQaT-B��+_T��ӄ�U��K���\BϗH͠lVXW`]!�	� � @��Cp�� hv~�@7I~����`�?OŘ���ߙ�C��R�k���]Г�=åP0��sr]��,��De��
�����A�����x��Y)D#�4��M�}n�_�	;�*�*$�*�g�s� �x�������`I�y姰���p,) /ǌ�#�˱&�A^ )�@�Z��㒺""Q�O���m��3�'p&���M �&��ȇ�N0�A
X]����2��A'�����4�-3�3���k3o>��G9/�9��c��w�|kr�\�����d��,o�˼��G��l~��˥������},���gT	�f?��ǖ��UA/��Y^�-��K��OA����oxj�6S�5��w�U�ܙ�0o9G�?�I3���R.9(��&���$Ԉj�;�)�'��}�8j({�R~�lT^r��銍q��J��]Y����n%G�C�߹QY��Z*�Rb޴Y���s���]�,]��.ɶjlGlm�&�7m>[��ܦ��l��Y�B��>�>Þc�ۭv����>+��
x	7p��!��""�Ŵ\Js�c�ZC�7D�GׅXT�h���[�N����z�;���(E[C�2o4iK��uިnk�N� cc��|�Qk[�����T/\�6L���Q*��}o�bTR��_�/l(X�|�)�+#��%O�e!�Ht]����ɲPL��v*;�^�v����v$<��Hk�n�E�EC8�&�3�TvqH�;f�oiG�ݕ�;��������
q��Te�Ueg�q&�㕑�`e�S�R܌���3Y���*3�H�I3f�H�1z��t""��4C�3�4C��3d���LȁG!̞{�L��M=�ɛB�������^����tDzݑ.w�t���R�kݪ:���.<]�=[��ԫ�ܽa��V�;�R�!����Aꈴ�vz�F}�>���%���=�ׁG}-i~JcͲ�%��ƺ�T���F�W��N��h4�""3՛�����H���A�v���BE��fח��)���m����d������£%�f��*�S_^:���T9�.p�Ȼcg|'�D^��q��ڱSNxZz�_�C]Dl
�wE��uQݿ��m�f��K^���/77�L����\!�B<
���җ��	���ߙѫ�S������Ǆr����֎��l��""���-Fm�b�Pgkk3@� ?�pI)��(�	�R8 �6<�J�Ƃ�S;&�ٌY���v6 Һ@ZHi#f}!5yf&syNsyn.yv6y����  (I��
endstreamendobj44 0 obj< >stream
H�\�ݎ�@��y������tuՐGg/�'�� �.�
��~�p&�ɒ�B�����w����f����gw��v���}j�;�K�g�µ]3�-�͵�<->�os���U�����y���m;��c���8u��=��]~|�?��٭�f��xN������]�,{:��z7ߟҚw�������2����X7q��K̪U:6�zK�&�}��u5.;�����Un^��Gb!���.�%xGށ��=����س�GM�&��� {�3�#�r +Y�F60�<�<�<���%�0W�+��
s��\A�0W�+��
s��\A�0W�+샠�>� o��CT�=	�I�O�O�O�O�O�O�O�O�O�O�O��r��=*k*j*k*j*k*j*k*j*k*j*k�R�{T�Q�G�uKނ�gE��σ�yP�A�e}P�A�c}0���������o�7���������o�7�����Y�j��KO�)d��F�e�>�㔦�}�j�>MiL���e>1�]?�=�ati^�_ �O
'
endstreamendobj45 0 obj< >stream
H�\��j�0��~
-�Eq~t�Z0�6i!����[I�mg���=:�cH�K���r��l�nr�44�8�C׷)��Kj���c��k�f����ͩ����)���a(�ʕ��yJWw���x[��SS����zw���e?�)�����ʵ�`A����>EW�cw�֞w�������v�[��9e����nb��c,��]+W�ص*b�������G��j�ͳ�-���L~6^.2�b�d5��̶s���$/����B0s|�	� �'߃��'�xM^���������_��*aGAG���S�)�z
<��O���S�)��	ܔ�A����Le�""S���Tf*2�}}���3�Q�Q�Q�Q�Q�Q�Q�1�c@���}|}|}|}|l��|O	�Ȧ���hsI��3y.1�]��q��¯�` _ּ
endstreamendobj46 0 obj< >stream
H�\�ϊ�0��y�9�����P��<��������=��;�.l@��d&��$QY�*�M����8A�9p�� \��9�M�vfz�����""*��q¾r������0��h�+�U�,���`�U�k���?أ� �� �-���צG���Mei�����e|�!Y�[1c��o���P�1���B�����Gٵ5�MPy��qL�Y�L��.L�Nx�|���T�)�3��8?�x����{�T8e�� |`.�K���Y�e�-{��_�-��u��j�բ�YW�MܜG�Mt��s�ڿ\��w�x���*�����S� �➊
endstreamendobj47 0 obj< >stream
h��TYo�0�+~�B>�8A�*A[D�,�-�T�xH�K9P�j�_�� �-��Of<��>aD�sAd����gN8s$��oO�p�rvFa��ib����p��Lw�s���K�/U�
�Hn��ѫd��t���+�mv���<��Vљ�0:K�m/)�p)�8?o�NǷ7W�~�CpW۝뤟���,7�0#�@3X��&� K�0�7�X������v8���l�'��	[)�ыp;Rz�1�v���!]Gxt��
f0H�>u��PFc,P:c��a����� ��� c�����L��N�,#d͋�\��	#��'�HF�F�$���kD�<<�k7������3ӱ�'��]�ɯ驭������f����)��*�q�@������m����z��>�>`#�9�<�4���U��\��P(Щ$=L�p��ޛ'X����`W�_�͍��DC�������c,�V��-fmh̯����A�NǇ8��8��3|���{��S�U���""""�Z��ΐ	�o�?�>""�a�Y��Ί 
V��ÿ
�p ��#���iHJ���=S���P�c�݌F�o0UL��Q%��*�uT1r\�_* ��8""�@�~��)�Ӣ1*{�IQ� ۈW �h""�
endstreamendobj48 0 obj< >stream
hބVmo�0�+�>�ڎ_%�4m0*16�c�E|�Y\%ia��s��u���n�{����(� �@I�T�R����q	�@&	h���)pa@3\��@h��""p�8�w�W��h��/q��!8
�1	��D&�ʅ #�
����d��pD���2Ep���AD-�� ���""�a�;ƉG&AJ$N<&��f~I��������C�H�e�g8^��_�]�""��]Q7���r�!�s��v~�kˢ�͛7hs�!������.�-B)��[���t E[��%����0b��{W�wx�	Ի�����g��CN>�� ��{L��>_ͯݽ����	`u�4����nk�}Ѹ��w�&��\7ncKX�o�ɫ��>�iL���
�Ca��9b�S4�jTD@3XTm�6�u[�jPU��E���~X����6�����m���p���7�ж}��t3p�LD>�&A^�@�lP4((-������������U��g{�|���M��J��L��	�G�,]i����6[W5ŏ�,��6�����Zw��ԕ[�|�Q�t D2�H& :`����Y_yy����uܸ�h]]T��V4�Jp�Ҋ��#�9�.4���h�S����=�������(M ��h�գ�`z���.|>�m�&`��YmEx�Fq��ޖn�3ګ�~j� .�1�%�����9D9=�9i6�ى����_@�߳�τ�[�>q���������I�3�ť�3�P�耔8�HDjw�z�C;X��vL��,�N��Q3�K7������$bw*�);�&�B��)���`�[�m��KXa�o�N:�H���),����	��E���M1��8 ���(3&�)Y0���R�k�Z�����.���P��)uT�|�%$KU�8�r�O� ���n
endstreamendobj49 0 obj< >stream
h�|��n�0�_�O0�i֦@ [=,�� ksh�h����V��l�ӏϧ],���H��]���UQ���v��Ǣ�^���	}qC��d��B���,�*��#�����x:<��O��z����5� �+>��eLӐ�AQ��XB��H�л��*���ߠ]D��Ktihѧ�b��Z7�x.	�XM���')��Rqw��#�bu��""hl[��E��Zs& �C4䥱�C�QE����؜�R�Y޴]��)��|�\
8hi���<�����2[��3gN���QS���}��`�w<ɨ^��!�{x�R�HA�ȟ���T�;~Y�J~<�7|=[+�+w8Is��x�f��.���/�\���Ԁ���i�Q冨�Dp�)Ȭ�/�8���d�J��OE��������l�����}�s?=�lnh���	=�k���
gg(ʻl�ŀ�T��.�&_%�L[������|%p%p5���ڊf+��L��4U��Q��D��n&ߝ�'���`'��t/�~��'�E�ϝ�|���|Gk �E	�E)�S
�c@� >stream 2026-05-04T09:59:40-04:00 2026-05-04T09:38:53-04:00 2026-05-04T09:59:40-04:00 Acrobat PDFMaker 26 for Word uuid:67ace99c-25f0-44c1-a625-eb79e0b02577 uuid:148f56b3-ffb7-45e8-8621-9278e9a160fd 6 application/pdf Interagency model risk management Adobe PDF Library 26.1.183 model risk management D:20110401133931 Comptroller of the Currency D:20110331 D:20251212 3358e034 #000000,11,Aptos PUBLIC/OFFICIAL RELEASE // EXTERNAL true 2026-02-23T16:18:20Z Standard aebbef76-9622-4179-ad18-7a6b88e0dc7a 26c83bc9-31c1-4d77-a523-0816095aba31 52904bf9-8cf6-4e4e-8d42-737c813a632c 0 0x010100EA6E93C51478F24590C0381C4CEE4364 900162d5-0259-4b7f-ad70-3a9508fba0cb true 2026-04-17T20:40:14Z Privileged PUBLIC - OFFICIAL RELEASE - EXTERNAL NO LABEL 87bb2570-5c1e-4973-9c37-09257a95aeb1 68879a7e-37b0-48fa-a7b0-a5650ea1b6ef 0 10, 0, 1, 1 endstreamendobj51 0 obj< >stream
h��YYo7�+|�}Q��Hv��u|@R��1cyb�F�&#�����Y=G��)�����W��&eLPZU�&),ڬ���!��Q2���2��:�b��""m��AP @DL��(8I b�E��V��P�,lIQ� �~�r
�S�t�L<�9�0�sfᬬ�	�i�΀H�
)�y�,��@8e	��K�YD���Z�8IYx���wd�PL��#�o=z �, ���� �9:���쁜!��}@��p�f�m�s�z؜ya�r�]FD�f��vu""v9$�r��Q�h�3рH���e/����d � 2�� ���\9�����G� �䀕1	�&��E�9S@pFA������$ '�1���]Z9#~��2M6�kN�L ~d�1�)ox� ��(����G�x�#j�8�9+���z""aA �HX��I�� ��Cb�#E�93UМ��HЉ�
�DF�`dX8����Ł�MdD�G�E��7�����0�,Vۛ�b�m��w�o�7�G��Z�-���]�B7����z�y��$�����9�_�~[+rE�M���v'�Y�v���o�hQ�LW��������+Tw@������� �|isi���HK�Zi��^Z�)~�<#x$x$xT�Vww�5$jHԐ��x0][	�`K'bQ��!�̴Db,��V$� ڑ}n4b�HF�4����b�L�;_\k�7;I;�o�����F�h������AZ�����&���1�P]m.6��[Av��[|ߡ������Ɖv/Z=b��SٟZCt�6�m��U��/6{��wv�R+TW�K+��K�(���1˭P�APZ�D[��sgF�|""�(��0��XV��\(��ð��P8�?C-�eH�$ѓF�DM*��
����h��hD�'	iJ#!�!��=��YlȢ8��|�ɰ_���ج����z;�.׫��~�j.6��o��m�\~�[�?o��_���j�yl^|�o�ͫ��͢y����u�ݬ�_������O _4���J���zu�\-���Q�E��ÖǊ8��/�[�>|��v���u��Á�(��ol}����b�C*N�(9:������ŐU��L.�����\���p�H�<��n~X�~�@q
���A����Ew�����즘S���� M9C ���!d�9i�T������G�H���V�27��~٧jy_����W�F�E��D=v�u�?��k�>Y{�Y3�])�[�Y��~���joP枬m�26,^���}�EI��ŭ����5H/e��4����T�]Qn\�+���\q�;��=����-y4o_�~ɋ|\�޾ؕ��.��'�����I$""��*��؁�R�9��pgU�BŻ��O~;��{8_MC���!?��؂�Oo��V�n�?\�X1�W̏�c��X1?N��!�M���{��^���+��{C����J���T��i~��W�Q�_�<[1�V��C�+�ax+�m+��V6���m<esVͯlN[ٜC~�ͫl.[�\��9F|_�
?W�FO���U����w'Ά�A���w齿�ˋ��G.����e1�r��u��I��s�l�4��7��+|�����Y�3�K���wg���g�bY^8����-������ٝ%/[1��_~�?W�P8`ѿ�7��]�{���M'�r�Y�KXw����̏M�%�b:*��t|҅��d*�_7���?P�f��Qw�����m�uV��W�羯�\w��T��n�@:u-�v""���Qb��EO�����?�yP�&PK���5W�5�P�5�4!�  �_O
endstreamendobj52 0 obj<</Extends 51 0 R/Filter/FlateDecode/First 273/Length 1301/N 34/Type/ObjStm>>stream
hޜVkO�J�++�Rm���*�$�6j��joQ����b��q���;kUi!�y��3sf���l(�#Jb���� �	�#��i`��bp�����U�.��.��h:�kă/5��eq�� y)�Hp����0r$q�H�p/��ௐ��O#ł� %a�c�C�P��)��P���92�����%""DB%��B4P$�pf���C��d
L��Y2�DT��2M���[=�V�Ճm��[<�	pW?��Э|�V>t�s�M�$�d{M۸�gE��󺙾nf���p�0��)M&/����L�[��w���m���S���;�E#Qݼ~�<���e>���O؎�I��$]��5�S�`Pߟ+c$��)4 ö�45�&��Wm2-��7�j�AY��.��m��7H�6��l��ɠnr�$_>8�ܜ�5�?�O�89�=7$������8��c�!i�6+�Nm�@�*k줨����n�����8|{Wm��O����x�!�-��ͭ�/���.���Uk]�Z&s��̺��.�{�#�'fz7fG �'vL��ó3�a�	����T�=�*���ǽ����0j��UYF����ګ�鍫H_�ʭ��ai��b^8�u5ސ��6�Eu��[(��M�X�����=!����^�%:��?Η=Ƅ�����}ۛ~L�����h<�'�l4��J4�6���'�U��-{���V�^ۦ.Kߠz��+������}�o���=�C�Q_�
>�<�L�!�F��Ps�m����>ń`��f��3P���0-X��;��m�`����3ۢ��ѱ����d���
��K>��\,{7u�K��ktc+xJ��(n٦�vS��������f���ϭ�$rFʈ<��8RT!�	����B�@\j��U>b*��s�pe��[�I?�~�����=|T٬� z�{��q�iS������'��od�""���'ݡ�S4�F��s��������Q���>����h����2*��#|��c*�f!����>��=��#��� ���+Iiĉ2�͉�����}�;e�MP�y67�vsH繏t�i��r�0+u�ÿ,�7��(�7Eo䖶��m��Љ�-��C��1Q6#r�h����AcT:�2g""F�x�t
}N�Ab�=��k��p���$�W�C?��̇n�&E��f1&1�l/I�U�<`�)��r��? !�����	]V������ߝ������a&/��a�����7WE�3Is�""L�3��a۰ ~=�,v���0 T���
endstreamendobj53 0 obj<</DL 8091/Filter/FlateDecode/Length 1916/Params<</CheckSum(�;�@��ǈS���'�$)/CreationDate(D:20260420152617-04'00')/ModDate(D:20260504095927-04'00')/Size 8091>>/Subtype/text#2Fhtml>>stream
H��Wmo��~������/�zp�xݤ�&��+�(�-�JԑTr�����P��8^o�8R�Hjf���p����l����|�q}���^��E�p'6_��D�;���sw�F��1�H�\&-[H%X��2�ɢguebqлA�?�'�x�ן�vx�D^�t�h5���x3���?�06�'�6�z}��?����4�\���Ez��Wـ�S�z��qg�X�N��f�ޏ���9P����,օi�~��<N:%���4���r.�tK6�6n�4 �n�s�_p�Wƶ�6�ɒ=,�ނ�R-���$��o���𴼰=+�\3Oi�ob��,���~��K�	�q%�b��X�c6��mjtU$�X+m�͇>�G�|�^�4s6�*9f�Bbh.�N1q�>�J`5�0��8f8Od+�]$V��v�s�ʢg��~_�ڨ�I�N14���đ���5����_e��CɓD����xC�7�A̝w	{ء�x<&�a�œ��6n�K>���LN��;�%\�����'���h�Ч��a��0I���š�L�0�l�4���˃�Iy!�N�bE#�����\�Jd�.�b�H���e�Xh��k��:i��`�F,�4e�H�l""������a�ӏn�&_B�~����Lķ��z�J�����ꪑ��!���Ty�JF�B$^,*��r�?�~ͭ�ajʝÍ�c���ͭ,K��������kxPq��῱r�W�g�_�h���m�QaQ���I�4��E�� ��~s�<0�""�hZ!h/A8��ɍ㮲��H��Ȓ\W�m�Cg�xdΕ(�������A��0�!�����'�П�}śkarl<�)��""b��Ð7��_�s������:�*���� ��9O�U��ףq�]Oc˰���C�R��[�ݠ��4��Z/_�mpto�Ss5�
�f�,�T��5�GH���S�֙*v�T�d�ZÙjD�F��Ew�ҵ���`v""Z���I�����}���""$��R�r![��(l6�$�gE��]��ɔT|�ٜwf��Z��(��>�+""�}�㹀yl��	��3�0�n]��i���8�(ͥ�h�,��D�gt�k���z0}�ݢ�Y�tU�����>�nJ��tl��Ŭ�:{Z���TN[?�WB�Aꣶk�s_^	�-�{jSKDv�I-�g���`]q;-�g�o}(b�<����z��T(��6R�i��c��f�UP䫣/�Ě����E����+I�)JM��� h��g����r/��f��WC�w7�o|�,-����h�$��,�yo*l��Th�)�9��=-�Yш_*I����K~7��[�dZ_���5���})Љ���n5�u���)�9�B%���[��/e����-V���5K֦zތ߉M���By.hơa�U;|,S�%�d��N[�w����r�i���QVt�d�޾ ��#J�2/��V��߯�B�����D���F�Dv��U�+�7ߒdu.����\&�(��D��Eu5�@\�*d.��R	���˄Y���1���R� ��}8=;!�QMf4�����S}��K�{G��:Z1�J�\/���Αxx����-�p6k�Y���g#4�s�Z�f���[�x�`*$���7J�Q��m��n8�6�|;�Z�n NEZ)n����z�g������e����0fE�ϑP�+R��q��[��}�݀���&��7U�s��d^/�vs+��3�y�sf[��I�	;�	�9""��L�z��'�j��+N�jB������E�I�3�'_�N�aY��ۣ-H�&eitih��xdN���]�:����V�߷X��j����2�����9Ͱ�O�^����
��	0 :��
endstreamendobj54 0 obj<</Length 3376/Subtype/XML/Type/Metadata>>stream
<?xpacket begin=""﻿"" id=""W5M0MpCehiHzreSzNTczkc9d""?>
<x:xmpmeta xmlns:x=""adobe:ns:meta/"" x:xmptk=""Adobe XMP Core 9.1-c001 79.675d0f7, 2023/06/11-19:21:16        "">
   <rdf:RDF xmlns:rdf=""http://www.w3.org/1999/02/22-rdf-syntax-ns#"">
      <rdf:Description rdf:about=""""
            xmlns:xmp=""http://ns.adobe.com/xap/1.0/""
            xmlns:dc=""http://purl.org/dc/elements/1.1/""
            xmlns:xmpMM=""http://ns.adobe.com/xap/1.0/mm/""
            xmlns:pdf=""http://ns.adobe.com/pdf/1.3/"">
         <xmp:ModifyDate>2026-05-04T10:02:39-04:00</xmp:ModifyDate>
         <xmp:CreateDate>2026-05-04T10:02:21-04:00</xmp:CreateDate>
         <xmp:MetadataDate>2026-05-04T10:02:39-04:00</xmp:MetadataDate>
         <xmp:CreatorTool>Acrobat PDFMaker 26 for Word</xmp:CreatorTool>
         <dc:format>application/pdf</dc:format>
         <dc:creator>
            <rdf:Seq>
               <rdf:li>Federal Reserve Board – Division of Supervision &amp; Regulation</rdf:li>
            </rdf:Seq>
         </dc:creator>
         <xmpMM:DocumentID>uuid:02cc76de-874e-4686-b267-27059ef14d14</xmpMM:DocumentID>
         <xmpMM:InstanceID>uuid:08c49779-a872-46a5-b1f1-03db8aaff65f</xmpMM:InstanceID>
         <pdf:Producer>Adobe Acrobat (32-bit) 26.1.21431</pdf:Producer>
      </rdf:Description>
   </rdf:RDF>
</x:xmpmeta>
                                                                                                    
                                                                                                    
                                                                                                    
                                                                                                    
                                                                                                    
                                                                                                    
                                                                                                    
                                                                                                    
                                                                                                    
                                                                                                    
                                                                                                    
                                                                                                    
                                                                                                    
                                                                                                    
                                                                                                    
                                                                                                    
                                                                                                    
                                                                                                    
                                                                                                    
                                                                                                    
                           
<?xpacket end=""w""?>
endstreamendobj55 0 obj<</Filter/FlateDecode/First 37/Length 223/N 5/Type/ObjStm>>stream
hތ�M��0��S樗&�4~��l/""UO�!��*���փ��iF=ɲ�����A�@Z����i�5�Fs����J~���t.�.��0��i�x��[r�B��+�|�)�#�;�Ɯ�L0����azh���r�1<�:�:ú�_��oB�xQ��DQ��Ad�Lg#j1eT��ς�ljvN�m�3�^g������Bl�!;M=��R�>�J��N;w` �Ej
endstreamendobj56 0 obj<</Filter/FlateDecode/First 6/Length 430/N 1/Type/ObjStm>>stream
hޔR�n�0��V�J��x(
8�s� ΰ
��d^��P�n�������i�@<��#	>�$��ݸ�W��-zӳ�ѿ �:�-��f�Kw�܉�=��g������Л@�h\��O��/�)��}}ƅ��=�E��L��&s��J�'�T��*N�<�&���|�A�L!EX)E��歊�-Z��z6_�'�L�l�<���?��wr���,��w�'v4's�˔��^�w�i��M؛܈���4R9�#�'e2�1a""����Nӎ6����d�-~���K�Y��t�h��X�#���i�(Y���E�(*�ѕ.jM)�e�7+J�XULuu}����O���IQ�
��,��6�""�)K(����|k\�{F&Ȉ���%��	e�Z$�X� ���G˨���s+n�P1��C��@��v�G>���%� ݙ�
endstreamendobj57 0 obj<</DecodeParms<</Columns 5/Predictor 12>>/Filter/FlateDecode/ID[<49FADE96C4918E47A161C31D04BB49A1><32BDFB00A63DF0449C09E4DB20283510>]/Info 255 0 R/Length 244/Root 257 0 R/Size 256/Type/XRef/W[1 3 1]>>stream
h�bb &F&��L�/A$��""�?�ŵ��:�d�f������/�ĥ�$�����{D��%`�>��fk����_�\������`�� ��,~̶F��> �U��K`5O�ĝ��=`�vIF�� 6s��`���{���`�])�""9��HV��8��>����տ�j`�20��\A$3X�C��?�0I�_Ī�$�-t�#��$]S������x}� � ��,;
endstreamendobjstartxref
116
%%EOF
54 0 obj<</Length 3815/Subtype/XML/Type/Metadata>>stream
<?xpacket begin=""﻿"" id=""W5M0MpCehiHzreSzNTczkc9d""?>
<x:xmpmeta xmlns:x=""adobe:ns:meta/"" x:xmptk=""Adobe XMP Core 9.1-c001 79.675d0f7, 2023/06/11-19:21:16        "">
   <rdf:RDF xmlns:rdf=""http://www.w3.org/1999/02/22-rdf-syntax-ns#"">
      <rdf:Description rdf:about=""""
            xmlns:xmp=""http://ns.adobe.com/xap/1.0/""
            xmlns:dc=""http://purl.org/dc/elements/1.1/""
            xmlns:xmpMM=""http://ns.adobe.com/xap/1.0/mm/""
            xmlns:pdf=""http://ns.adobe.com/pdf/1.3/"">
         <xmp:ModifyDate>2026-05-04T10:05:15-04:00</xmp:ModifyDate>
         <xmp:CreateDate>2026-05-04T10:02:21-04:00</xmp:CreateDate>
         <xmp:MetadataDate>2026-05-04T10:05:15-04:00</xmp:MetadataDate>
         <xmp:CreatorTool>Acrobat PDFMaker 26 for Word</xmp:CreatorTool>
         <dc:format>application/pdf</dc:format>
         <dc:creator>
            <rdf:Seq>
               <rdf:li>Federal Reserve Board – Division of Supervision &amp; Regulation</rdf:li>
            </rdf:Seq>
         </dc:creator>
         <dc:title>
            <rdf:Alt>
               <rdf:li xml:lang=""x-default"">FRB: Supervisory Letter SR 26-2 on Revised Guidance on Model Risk Management -- April 17, 2026 </rdf:li>
            </rdf:Alt>
         </dc:title>
         <dc:subject>
            <rdf:Bag>
               <rdf:li>model risk management</rdf:li>
            </rdf:Bag>
         </dc:subject>
         <xmpMM:DocumentID>uuid:02cc76de-874e-4686-b267-27059ef14d14</xmpMM:DocumentID>
         <xmpMM:InstanceID>uuid:0da336f5-c4f2-4edc-8c43-bffdd868e051</xmpMM:InstanceID>
         <pdf:Producer>Adobe Acrobat (32-bit) 26.1.21431</pdf:Producer>
         <pdf:Keywords>model risk management</pdf:Keywords>
      </rdf:Description>
   </rdf:RDF>
</x:xmpmeta>
                                                                                                    
                                                                                                    
                                                                                                    
                                                                                                    
                                                                                                    
                                                                                                    
                                                                                                    
                                                                                                    
                                                                                                    
                                                                                                    
                                                                                                    
                                                                                                    
                                                                                                    
                                                                                                    
                                                                                                    
                                                                                                    
                                                                                                    
                                                                                                    
                                                                                                    
                                                                                                    
                           
<?xpacket end=""w""?>
endstreamendobj257 0 obj<</AcroForm 278 0 R/Lang(en)/MarkInfo<</Marked true>>/Metadata 54 0 R/Names 279 0 R/Outlines 74 0 R/PageMode/UseOutlines/Pages 250 0 R/StructTreeRoot 116 0 R/Type/Catalog/ViewerPreferences<</DisplayDocTitle true>>>>endobj292 0 obj<</Author(Federal Reserve Board � Division of Supervision & Regulation)/CreationDate(D:20260504100221-04'00')/Creator(Acrobat PDFMaker 26 for Word)/Keywords(model risk management)/ModDate(D:20260504100515-04'00')/Producer(Adobe Acrobat \(32-bit\) 26.1.21431)/Title(FRB: Supervisory Letter SR 26-2 on Revised Guidance on Model Risk Management -- April 17, 2026 )>>endobj293 0 obj<</Filter/FlateDecode/First 18/Length 184/N 3/Type/ObjStm>>stream
h�l��
�@�_e�u]Q�""���,�SK���*���Yt��f���C�<�"",��ﮥ6�w=d�V�:�����׶��L�t�������'w��&�(i�����#�g���tX4���w4f������bk��z�s�uE����-6�<u""�
iy��47�B�����S� ^ML
endstreamendobj294 0 obj<</DecodeParms<</Columns 5/Predictor 12>>/Filter/FlateDecode/ID[<49FADE96C4918E47A161C31D04BB49A1><BBA8722B08841540873BDCFCE818554C>]/Index[54 1 74 2 78 1 257 1 291 4]/Info 292 0 R/Length 56/Prev 116/Root 257 0 R/Size 295/Type/XRef/W[1 3 1]>>stream
h�bbd�����������/�1��������y��@q�Z�F	�  f|>
endstreamendobjstartxref
236683
%%EOF"
